Source Name	Comment[ENA_SAMPLE]	Material Type	Characteristics[organism]	Characteristics[developmental stage]	Characteristics[strain]	Characteristics[sex]	Characteristics[specimen with known storage state]	Characteristics[cell type]	Characteristics[single cell well quality]	Protocol REF	Protocol REF	Protocol REF	Extract Name	Material Type	Comment[LIBRARY_LAYOUT]	Comment[LIBRARY_SOURCE]	Comment[LIBRARY_STRATEGY]	Comment[LIBRARY_SELECTION]	Comment[ORIENTATION]	Comment[NOMINAL_LENGTH]	Comment[NOMINAL_SDEV]	Comment[spike sequence file]	Protocol REF	Performer	Assay Name	Technology Type	Comment[ENA_EXPERIMENT]	Scan Name	Comment[SUBMITTED_FILE_NAME]	Comment[ENA_RUN]	Comment[FASTQ_URI]	Comment[MD5]	Comment[read count]	Comment[SPOT_LENGTH]	Comment[READ_INDEX_1_BASE_COORD]	Factor Value[individual]
Cell 1	ERS444208	cell	Mus musculus	cell from 6-week-old mouse, day 4.5 in vitro Th2 differentiation	Il13 EGFP	male	fresh specimen	primary CD4+ spleenocyte	OK	P-MTAB-38837	P-MTAB-38838	P-MTAB-38839	Extract 1	PolyA RNA	PAIRED	TRANSCRIPTOMIC	RNA-Seq	RANDOM	5'-3'-5'-3'	1000	300	ERCC92.fa	P-MTAB-38840	Sanger	Cell 1	sequencing assay	ERX454793	cell1_1.fastq.gz	cell1_1.fastq.gz	ERR489030	ftp://ftp.sra.ebi.ac.uk/vol1/fastq/ERR489/ERR489030/ERR489030_1.fastq.gz	d24a461b21301c1e43fcffdb3ce87979	  	150	76	Cell 1
Cell 1	ERS444208	cell	Mus musculus	cell from 6-week-old mouse, day 4.5 in vitro Th2 differentiation	Il13 EGFP	male	fresh specimen	primary CD4+ spleenocyte	OK	P-MTAB-38837	P-MTAB-38838	P-MTAB-38839	Extract 1	PolyA RNA	PAIRED	TRANSCRIPTOMIC	RNA-Seq	RANDOM	5'-3'-5'-3'	1000	300	ERCC92.fa	P-MTAB-38840	Sanger	Cell 1	sequencing assay	ERX454793	cell1_2.fastq.gz	cell1_2.fastq.gz	ERR489030	ftp://ftp.sra.ebi.ac.uk/vol1/fastq/ERR489/ERR489030/ERR489030_2.fastq.gz	ed9461dba565afcecc7226bdb3bbc433	  	150	76	Cell 1
Cell 2	ERS444190	cell	Mus musculus	cell from 6-week-old mouse, day 4.5 in vitro Th2 differentiation	Il13 EGFP	male	fresh specimen	primary CD4+ spleenocyte	OK	P-MTAB-38837	P-MTAB-38838	P-MTAB-38839	Extract 2	PolyA RNA	PAIRED	TRANSCRIPTOMIC	RNA-Seq	RANDOM	5'-3'-5'-3'	1000	300	ERCC92.fa	P-MTAB-38840	Sanger	Cell 2	sequencing assay	ERX454775	cell2_1.fastq.gz	cell2_1.fastq.gz	ERR489013	ftp://ftp.sra.ebi.ac.uk/vol1/fastq/ERR489/ERR489013/ERR489013_1.fastq.gz	52e561f111483b16929a46bfc0711242	  	150	76	Cell 2
Cell 2	ERS444190	cell	Mus musculus	cell from 6-week-old mouse, day 4.5 in vitro Th2 differentiation	Il13 EGFP	male	fresh specimen	primary CD4+ spleenocyte	OK	P-MTAB-38837	P-MTAB-38838	P-MTAB-38839	Extract 2	PolyA RNA	PAIRED	TRANSCRIPTOMIC	RNA-Seq	RANDOM	5'-3'-5'-3'	1000	300	ERCC92.fa	P-MTAB-38840	Sanger	Cell 2	sequencing assay	ERX454775	cell2_2.fastq.gz	cell2_2.fastq.gz	ERR489013	ftp://ftp.sra.ebi.ac.uk/vol1/fastq/ERR489/ERR489013/ERR489013_2.fastq.gz	97cdd1432dad894074220c3e5755d219	  	150	76	Cell 2
Cell 3	ERS444160	cell	Mus musculus	cell from 6-week-old mouse, day 4.5 in vitro Th2 differentiation	Il13 EGFP	male	fresh specimen	primary CD4+ spleenocyte	OK	P-MTAB-38837	P-MTAB-38838	P-MTAB-38839	Extract 3	PolyA RNA	PAIRED	TRANSCRIPTOMIC	RNA-Seq	RANDOM	5'-3'-5'-3'	1000	300	ERCC92.fa	P-MTAB-38840	Sanger	Cell 3	sequencing assay	ERX454745	cell3_1.fastq.gz	cell3_1.fastq.gz	ERR488982	ftp://ftp.sra.ebi.ac.uk/vol1/fastq/ERR488/ERR488982/ERR488982_1.fastq.gz	4f9a30ba0324a441703eb881a1d5ea8c	  	150	76	Cell 3
Cell 3	ERS444160	cell	Mus musculus	cell from 6-week-old mouse, day 4.5 in vitro Th2 differentiation	Il13 EGFP	male	fresh specimen	primary CD4+ spleenocyte	OK	P-MTAB-38837	P-MTAB-38838	P-MTAB-38839	Extract 3	PolyA RNA	PAIRED	TRANSCRIPTOMIC	RNA-Seq	RANDOM	5'-3'-5'-3'	1000	300	ERCC92.fa	P-MTAB-38840	Sanger	Cell 3	sequencing assay	ERX454745	cell3_2.fastq.gz	cell3_2.fastq.gz	ERR488982	ftp://ftp.sra.ebi.ac.uk/vol1/fastq/ERR488/ERR488982/ERR488982_2.fastq.gz	e6a0353e77f1622e4c03bfd2fd39666b	  	150	76	Cell 3
Cell 4	ERS444170	cell	Mus musculus	cell from 6-week-old mouse, day 4.5 in vitro Th2 differentiation	Il13 EGFP	male	fresh specimen	primary CD4+ spleenocyte	OK	P-MTAB-38837	P-MTAB-38838	P-MTAB-38839	Extract 4	PolyA RNA	PAIRED	TRANSCRIPTOMIC	RNA-Seq	RANDOM	5'-3'-5'-3'	1000	300	ERCC92.fa	P-MTAB-38840	Sanger	Cell 4	sequencing assay	ERX454755	cell4_1.fastq.gz	cell4_1.fastq.gz	ERR488972	ftp://ftp.sra.ebi.ac.uk/vol1/fastq/ERR488/ERR488972/ERR488972_1.fastq.gz	e938d1baac5af84fddaa1b86af09fe1f	  	150	76	Cell 4
Cell 4	ERS444170	cell	Mus musculus	cell from 6-week-old mouse, day 4.5 in vitro Th2 differentiation	Il13 EGFP	male	fresh specimen	primary CD4+ spleenocyte	OK	P-MTAB-38837	P-MTAB-38838	P-MTAB-38839	Extract 4	PolyA RNA	PAIRED	TRANSCRIPTOMIC	RNA-Seq	RANDOM	5'-3'-5'-3'	1000	300	ERCC92.fa	P-MTAB-38840	Sanger	Cell 4	sequencing assay	ERX454755	cell4_2.fastq.gz	cell4_2.fastq.gz	ERR488972	ftp://ftp.sra.ebi.ac.uk/vol1/fastq/ERR488/ERR488972/ERR488972_2.fastq.gz	6c16d7914482bc55402573e328ebcc5c	  	150	76	Cell 4
Cell 5	ERS444179	cell	Mus musculus	cell from 6-week-old mouse, day 4.5 in vitro Th2 differentiation	Il13 EGFP	male	fresh specimen	primary CD4+ spleenocyte	OK	P-MTAB-38837	P-MTAB-38838	P-MTAB-38839	Extract 5	PolyA RNA	PAIRED	TRANSCRIPTOMIC	RNA-Seq	RANDOM	5'-3'-5'-3'	1000	300	ERCC92.fa	P-MTAB-38840	Sanger	Cell 5	sequencing assay	ERX454764	cell5_1.fastq.gz	cell5_1.fastq.gz	ERR488955	ftp://ftp.sra.ebi.ac.uk/vol1/fastq/ERR488/ERR488955/ERR488955_1.fastq.gz	7dfa4e43426822fa2e6b77ce5809fcb4	  	150	76	Cell 5
Cell 5	ERS444179	cell	Mus musculus	cell from 6-week-old mouse, day 4.5 in vitro Th2 differentiation	Il13 EGFP	male	fresh specimen	primary CD4+ spleenocyte	OK	P-MTAB-38837	P-MTAB-38838	P-MTAB-38839	Extract 5	PolyA RNA	PAIRED	TRANSCRIPTOMIC	RNA-Seq	RANDOM	5'-3'-5'-3'	1000	300	ERCC92.fa	P-MTAB-38840	Sanger	Cell 5	sequencing assay	ERX454764	cell5_2.fastq.gz	cell5_2.fastq.gz	ERR488955	ftp://ftp.sra.ebi.ac.uk/vol1/fastq/ERR488/ERR488955/ERR488955_2.fastq.gz	a94f42616ecffee2697bc85e04979346	  	150	76	Cell 5
Cell 6	ERS444183	cell	Mus musculus	cell from 6-week-old mouse, day 4.5 in vitro Th2 differentiation	Il13 EGFP	male	fresh specimen	primary CD4+ spleenocyte	OK	P-MTAB-38837	P-MTAB-38838	P-MTAB-38839	Extract 6	PolyA RNA	PAIRED	TRANSCRIPTOMIC	RNA-Seq	RANDOM	5'-3'-5'-3'	1000	300	ERCC92.fa	P-MTAB-38840	Sanger	Cell 6	sequencing assay	ERX454768	cell6_1.fastq.gz	cell6_1.fastq.gz	ERR488960	ftp://ftp.sra.ebi.ac.uk/vol1/fastq/ERR488/ERR488960/ERR488960_1.fastq.gz	3c079f6f848a6cb26bfa88820a011503	low read count	150	76	Cell 6
Cell 6	ERS444183	cell	Mus musculus	cell from 6-week-old mouse, day 4.5 in vitro Th2 differentiation	Il13 EGFP	male	fresh specimen	primary CD4+ spleenocyte	OK	P-MTAB-38837	P-MTAB-38838	P-MTAB-38839	Extract 6	PolyA RNA	PAIRED	TRANSCRIPTOMIC	RNA-Seq	RANDOM	5'-3'-5'-3'	1000	300	ERCC92.fa	P-MTAB-38840	Sanger	Cell 6	sequencing assay	ERX454768	cell6_2.fastq.gz	cell6_2.fastq.gz	ERR488960	ftp://ftp.sra.ebi.ac.uk/vol1/fastq/ERR488/ERR488960/ERR488960_2.fastq.gz	07023db237958e503710edde310f9685	low read count	150	76	Cell 6
Cell 7	ERS444187	cell	Mus musculus	cell from 6-week-old mouse, day 4.5 in vitro Th2 differentiation	Il13 EGFP	male	fresh specimen	primary CD4+ spleenocyte	OK	P-MTAB-38837	P-MTAB-38838	P-MTAB-38839	Extract 7	PolyA RNA	PAIRED	TRANSCRIPTOMIC	RNA-Seq	RANDOM	5'-3'-5'-3'	1000	300	ERCC92.fa	P-MTAB-38840	Sanger	Cell 7	sequencing assay	ERX454772	cell7_1.fastq.gz	cell7_1.fastq.gz	ERR488958	ftp://ftp.sra.ebi.ac.uk/vol1/fastq/ERR488/ERR488958/ERR488958_1.fastq.gz	13f65732cbd5aba48985a16764bebcee	low read count	150	76	Cell 7
Cell 7	ERS444187	cell	Mus musculus	cell from 6-week-old mouse, day 4.5 in vitro Th2 differentiation	Il13 EGFP	male	fresh specimen	primary CD4+ spleenocyte	OK	P-MTAB-38837	P-MTAB-38838	P-MTAB-38839	Extract 7	PolyA RNA	PAIRED	TRANSCRIPTOMIC	RNA-Seq	RANDOM	5'-3'-5'-3'	1000	300	ERCC92.fa	P-MTAB-38840	Sanger	Cell 7	sequencing assay	ERX454772	cell7_2.fastq.gz	cell7_2.fastq.gz	ERR488958	ftp://ftp.sra.ebi.ac.uk/vol1/fastq/ERR488/ERR488958/ERR488958_2.fastq.gz	872cf4aac3016012cf466d9f3bb3ac53	low read count	150	76	Cell 7
Cell 8	ERS444161	cell	Mus musculus	cell from 6-week-old mouse, day 4.5 in vitro Th2 differentiation	Il13 EGFP	male	fresh specimen	primary CD4+ spleenocyte	OK	P-MTAB-38837	P-MTAB-38838	P-MTAB-38839	Extract 8	PolyA RNA	PAIRED	TRANSCRIPTOMIC	RNA-Seq	RANDOM	5'-3'-5'-3'	1000	300	ERCC92.fa	P-MTAB-38840	Sanger	Cell 8	sequencing assay	ERX454746	cell8_1.fastq.gz	cell8_1.fastq.gz	ERR488959	ftp://ftp.sra.ebi.ac.uk/vol1/fastq/ERR488/ERR488959/ERR488959_1.fastq.gz	79235e77087a1c71ae6a883beb0dea13	  	150	76	Cell 8
Cell 8	ERS444161	cell	Mus musculus	cell from 6-week-old mouse, day 4.5 in vitro Th2 differentiation	Il13 EGFP	male	fresh specimen	primary CD4+ spleenocyte	OK	P-MTAB-38837	P-MTAB-38838	P-MTAB-38839	Extract 8	PolyA RNA	PAIRED	TRANSCRIPTOMIC	RNA-Seq	RANDOM	5'-3'-5'-3'	1000	300	ERCC92.fa	P-MTAB-38840	Sanger	Cell 8	sequencing assay	ERX454746	cell8_2.fastq.gz	cell8_2.fastq.gz	ERR488959	ftp://ftp.sra.ebi.ac.uk/vol1/fastq/ERR488/ERR488959/ERR488959_2.fastq.gz	7765004dd194ddd46c8f62c330fc4adb	  	150	76	Cell 8
Cell 9	ERS444143	cell	Mus musculus	cell from 6-week-old mouse, day 4.5 in vitro Th2 differentiation	Il13 EGFP	male	fresh specimen	primary CD4+ spleenocyte	OK	P-MTAB-38837	P-MTAB-38838	P-MTAB-38839	Extract 9	PolyA RNA	PAIRED	TRANSCRIPTOMIC	RNA-Seq	RANDOM	5'-3'-5'-3'	1000	300	ERCC92.fa	P-MTAB-38840	Sanger	Cell 9	sequencing assay	ERX454728	cell9_1.fastq.gz	cell9_1.fastq.gz	ERR488990	ftp://ftp.sra.ebi.ac.uk/vol1/fastq/ERR488/ERR488990/ERR488990_1.fastq.gz	1b363faa9f5b3d9eb5b1c7538a1061db	  	150	76	Cell 9
Cell 9	ERS444143	cell	Mus musculus	cell from 6-week-old mouse, day 4.5 in vitro Th2 differentiation	Il13 EGFP	male	fresh specimen	primary CD4+ spleenocyte	OK	P-MTAB-38837	P-MTAB-38838	P-MTAB-38839	Extract 9	PolyA RNA	PAIRED	TRANSCRIPTOMIC	RNA-Seq	RANDOM	5'-3'-5'-3'	1000	300	ERCC92.fa	P-MTAB-38840	Sanger	Cell 9	sequencing assay	ERX454728	cell9_2.fastq.gz	cell9_2.fastq.gz	ERR488990	ftp://ftp.sra.ebi.ac.uk/vol1/fastq/ERR488/ERR488990/ERR488990_2.fastq.gz	5800743ce9b2b5c378dcb9f1da3fce9c	  	150	76	Cell 9
Cell 10	ERS444192	cell	Mus musculus	cell from 6-week-old mouse, day 4.5 in vitro Th2 differentiation	Il13 EGFP	male	fresh specimen	primary CD4+ spleenocyte	OK	P-MTAB-38837	P-MTAB-38838	P-MTAB-38839	Extract 10	PolyA RNA	PAIRED	TRANSCRIPTOMIC	RNA-Seq	RANDOM	5'-3'-5'-3'	1000	300	ERCC92.fa	P-MTAB-38840	Sanger	Cell 10	sequencing assay	ERX454777	cell10_1.fastq.gz	cell10_1.fastq.gz	ERR488984	ftp://ftp.sra.ebi.ac.uk/vol1/fastq/ERR488/ERR488984/ERR488984_1.fastq.gz	6a4760138ef5cc3976c9fe816263bbf3	  	150	76	Cell 10
Cell 10	ERS444192	cell	Mus musculus	cell from 6-week-old mouse, day 4.5 in vitro Th2 differentiation	Il13 EGFP	male	fresh specimen	primary CD4+ spleenocyte	OK	P-MTAB-38837	P-MTAB-38838	P-MTAB-38839	Extract 10	PolyA RNA	PAIRED	TRANSCRIPTOMIC	RNA-Seq	RANDOM	5'-3'-5'-3'	1000	300	ERCC92.fa	P-MTAB-38840	Sanger	Cell 10	sequencing assay	ERX454777	cell10_2.fastq.gz	cell10_2.fastq.gz	ERR488984	ftp://ftp.sra.ebi.ac.uk/vol1/fastq/ERR488/ERR488984/ERR488984_2.fastq.gz	fc986390fc7867077230291a1e0e002e	  	150	76	Cell 10
Cell 11	ERS444211	cell	Mus musculus	cell from 6-week-old mouse, day 4.5 in vitro Th2 differentiation	Il13 EGFP	male	fresh specimen	primary CD4+ spleenocyte	OK	P-MTAB-38837	P-MTAB-38838	P-MTAB-38839	Extract 11	PolyA RNA	PAIRED	TRANSCRIPTOMIC	RNA-Seq	RANDOM	5'-3'-5'-3'	1000	300	ERCC92.fa	P-MTAB-38840	Sanger	Cell 11	sequencing assay	ERX454796	cell11_1.fastq.gz	cell11_1.fastq.gz	ERR488969	ftp://ftp.sra.ebi.ac.uk/vol1/fastq/ERR488/ERR488969/ERR488969_1.fastq.gz	7f033eaed7fabb19eea73c99816001ab	  	150	76	Cell 11
Cell 11	ERS444211	cell	Mus musculus	cell from 6-week-old mouse, day 4.5 in vitro Th2 differentiation	Il13 EGFP	male	fresh specimen	primary CD4+ spleenocyte	OK	P-MTAB-38837	P-MTAB-38838	P-MTAB-38839	Extract 11	PolyA RNA	PAIRED	TRANSCRIPTOMIC	RNA-Seq	RANDOM	5'-3'-5'-3'	1000	300	ERCC92.fa	P-MTAB-38840	Sanger	Cell 11	sequencing assay	ERX454796	cell11_2.fastq.gz	cell11_2.fastq.gz	ERR488969	ftp://ftp.sra.ebi.ac.uk/vol1/fastq/ERR488/ERR488969/ERR488969_2.fastq.gz	02cc5db8af7dc2505d9c69f6dc840d3b	  	150	76	Cell 11
Cell 12	ERS444137	cell	Mus musculus	cell from 6-week-old mouse, day 4.5 in vitro Th2 differentiation	Il13 EGFP	male	fresh specimen	primary CD4+ spleenocyte	OK	P-MTAB-38837	P-MTAB-38838	P-MTAB-38839	Extract 12	PolyA RNA	PAIRED	TRANSCRIPTOMIC	RNA-Seq	RANDOM	5'-3'-5'-3'	1000	300	ERCC92.fa	P-MTAB-38840	Sanger	Cell 12	sequencing assay	ERX454722	cell12_1.fastq.gz	cell12_1.fastq.gz	ERR489042	ftp://ftp.sra.ebi.ac.uk/vol1/fastq/ERR489/ERR489042/ERR489042_1.fastq.gz	41133cd08bc20b400fb291010d706734	  	150	76	Cell 12
Cell 12	ERS444137	cell	Mus musculus	cell from 6-week-old mouse, day 4.5 in vitro Th2 differentiation	Il13 EGFP	male	fresh specimen	primary CD4+ spleenocyte	OK	P-MTAB-38837	P-MTAB-38838	P-MTAB-38839	Extract 12	PolyA RNA	PAIRED	TRANSCRIPTOMIC	RNA-Seq	RANDOM	5'-3'-5'-3'	1000	300	ERCC92.fa	P-MTAB-38840	Sanger	Cell 12	sequencing assay	ERX454722	cell12_2.fastq.gz	cell12_2.fastq.gz	ERR489042	ftp://ftp.sra.ebi.ac.uk/vol1/fastq/ERR489/ERR489042/ERR489042_2.fastq.gz	bf9af7473b308d03de12c2da123327d0	  	150	76	Cell 12
Cell 13	ERS444218	cell	Mus musculus	cell from 6-week-old mouse, day 4.5 in vitro Th2 differentiation	Il13 EGFP	male	fresh specimen	primary CD4+ spleenocyte	OK	P-MTAB-38837	P-MTAB-38838	P-MTAB-38839	Extract 13	PolyA RNA	PAIRED	TRANSCRIPTOMIC	RNA-Seq	RANDOM	5'-3'-5'-3'	1000	300	ERCC92.fa	P-MTAB-38840	Sanger	Cell 13	sequencing assay	ERX454803	cell13_1.fastq.gz	cell13_1.fastq.gz	ERR489023	ftp://ftp.sra.ebi.ac.uk/vol1/fastq/ERR489/ERR489023/ERR489023_1.fastq.gz	ad2c866a3c725531fb5cb1ce8ece0bc3	  	150	76	Cell 13
Cell 13	ERS444218	cell	Mus musculus	cell from 6-week-old mouse, day 4.5 in vitro Th2 differentiation	Il13 EGFP	male	fresh specimen	primary CD4+ spleenocyte	OK	P-MTAB-38837	P-MTAB-38838	P-MTAB-38839	Extract 13	PolyA RNA	PAIRED	TRANSCRIPTOMIC	RNA-Seq	RANDOM	5'-3'-5'-3'	1000	300	ERCC92.fa	P-MTAB-38840	Sanger	Cell 13	sequencing assay	ERX454803	cell13_2.fastq.gz	cell13_2.fastq.gz	ERR489023	ftp://ftp.sra.ebi.ac.uk/vol1/fastq/ERR489/ERR489023/ERR489023_2.fastq.gz	9c9e4ee8aac933fae9bd823868783fd3	  	150	76	Cell 13
Cell 14	ERS444198	cell	Mus musculus	cell from 6-week-old mouse, day 4.5 in vitro Th2 differentiation	Il13 EGFP	male	fresh specimen	primary CD4+ spleenocyte	OK	P-MTAB-38837	P-MTAB-38838	P-MTAB-38839	Extract 14	PolyA RNA	PAIRED	TRANSCRIPTOMIC	RNA-Seq	RANDOM	5'-3'-5'-3'	1000	300	ERCC92.fa	P-MTAB-38840	Sanger	Cell 14	sequencing assay	ERX454783	cell14_1.fastq.gz	cell14_1.fastq.gz	ERR489033	ftp://ftp.sra.ebi.ac.uk/vol1/fastq/ERR489/ERR489033/ERR489033_1.fastq.gz	fad5f000eac25f6fce8f4368cdb77179	  	150	76	Cell 14
Cell 14	ERS444198	cell	Mus musculus	cell from 6-week-old mouse, day 4.5 in vitro Th2 differentiation	Il13 EGFP	male	fresh specimen	primary CD4+ spleenocyte	OK	P-MTAB-38837	P-MTAB-38838	P-MTAB-38839	Extract 14	PolyA RNA	PAIRED	TRANSCRIPTOMIC	RNA-Seq	RANDOM	5'-3'-5'-3'	1000	300	ERCC92.fa	P-MTAB-38840	Sanger	Cell 14	sequencing assay	ERX454783	cell14_2.fastq.gz	cell14_2.fastq.gz	ERR489033	ftp://ftp.sra.ebi.ac.uk/vol1/fastq/ERR489/ERR489033/ERR489033_2.fastq.gz	3f6ce77f60d8cad2c396647deeca4e85	  	150	76	Cell 14
Cell 15	ERS444197	cell	Mus musculus	cell from 6-week-old mouse, day 4.5 in vitro Th2 differentiation	Il13 EGFP	male	fresh specimen	primary CD4+ spleenocyte	OK	P-MTAB-38837	P-MTAB-38838	P-MTAB-38839	Extract 15	PolyA RNA	PAIRED	TRANSCRIPTOMIC	RNA-Seq	RANDOM	5'-3'-5'-3'	1000	300	ERCC92.fa	P-MTAB-38840	Sanger	Cell 15	sequencing assay	ERX454782	cell15_1.fastq.gz	cell15_1.fastq.gz	ERR489009	ftp://ftp.sra.ebi.ac.uk/vol1/fastq/ERR489/ERR489009/ERR489009_1.fastq.gz	84976699e5b646176883fc731d39e7fe	  	150	76	Cell 15
Cell 15	ERS444197	cell	Mus musculus	cell from 6-week-old mouse, day 4.5 in vitro Th2 differentiation	Il13 EGFP	male	fresh specimen	primary CD4+ spleenocyte	OK	P-MTAB-38837	P-MTAB-38838	P-MTAB-38839	Extract 15	PolyA RNA	PAIRED	TRANSCRIPTOMIC	RNA-Seq	RANDOM	5'-3'-5'-3'	1000	300	ERCC92.fa	P-MTAB-38840	Sanger	Cell 15	sequencing assay	ERX454782	cell15_2.fastq.gz	cell15_2.fastq.gz	ERR489009	ftp://ftp.sra.ebi.ac.uk/vol1/fastq/ERR489/ERR489009/ERR489009_2.fastq.gz	83a2f42610ad6e0dbf4544713d61926e	  	150	76	Cell 15
Cell 16	ERS444165	cell	Mus musculus	cell from 6-week-old mouse, day 4.5 in vitro Th2 differentiation	Il13 EGFP	male	fresh specimen	primary CD4+ spleenocyte	OK	P-MTAB-38837	P-MTAB-38838	P-MTAB-38839	Extract 16	PolyA RNA	PAIRED	TRANSCRIPTOMIC	RNA-Seq	RANDOM	5'-3'-5'-3'	1000	300	ERCC92.fa	P-MTAB-38840	Sanger	Cell 16	sequencing assay	ERX454750	cell16_1.fastq.gz	cell16_1.fastq.gz	ERR488992	ftp://ftp.sra.ebi.ac.uk/vol1/fastq/ERR488/ERR488992/ERR488992_1.fastq.gz	f59e5753028f3f3c29ddc6f50eabdceb	  	150	76	Cell 16
Cell 16	ERS444165	cell	Mus musculus	cell from 6-week-old mouse, day 4.5 in vitro Th2 differentiation	Il13 EGFP	male	fresh specimen	primary CD4+ spleenocyte	OK	P-MTAB-38837	P-MTAB-38838	P-MTAB-38839	Extract 16	PolyA RNA	PAIRED	TRANSCRIPTOMIC	RNA-Seq	RANDOM	5'-3'-5'-3'	1000	300	ERCC92.fa	P-MTAB-38840	Sanger	Cell 16	sequencing assay	ERX454750	cell16_2.fastq.gz	cell16_2.fastq.gz	ERR488992	ftp://ftp.sra.ebi.ac.uk/vol1/fastq/ERR488/ERR488992/ERR488992_2.fastq.gz	7d63c0814da355f9cd05d0b6864d2578	  	150	76	Cell 16
Cell 17	ERS444205	cell	Mus musculus	cell from 6-week-old mouse, day 4.5 in vitro Th2 differentiation	Il13 EGFP	male	fresh specimen	primary CD4+ spleenocyte	OK	P-MTAB-38837	P-MTAB-38838	P-MTAB-38839	Extract 17	PolyA RNA	PAIRED	TRANSCRIPTOMIC	RNA-Seq	RANDOM	5'-3'-5'-3'	1000	300	ERCC92.fa	P-MTAB-38840	Sanger	Cell 17	sequencing assay	ERX454790	cell17_1.fastq.gz	cell17_1.fastq.gz	ERR488961	ftp://ftp.sra.ebi.ac.uk/vol1/fastq/ERR488/ERR488961/ERR488961_1.fastq.gz	11275418c69bd8036c043d9a70fb8f7d	  	150	76	Cell 17
Cell 17	ERS444205	cell	Mus musculus	cell from 6-week-old mouse, day 4.5 in vitro Th2 differentiation	Il13 EGFP	male	fresh specimen	primary CD4+ spleenocyte	OK	P-MTAB-38837	P-MTAB-38838	P-MTAB-38839	Extract 17	PolyA RNA	PAIRED	TRANSCRIPTOMIC	RNA-Seq	RANDOM	5'-3'-5'-3'	1000	300	ERCC92.fa	P-MTAB-38840	Sanger	Cell 17	sequencing assay	ERX454790	cell17_2.fastq.gz	cell17_2.fastq.gz	ERR488961	ftp://ftp.sra.ebi.ac.uk/vol1/fastq/ERR488/ERR488961/ERR488961_2.fastq.gz	a995e075cab87b706b8796a34b4be56a	  	150	76	Cell 17
Cell 18	ERS444180	cell	Mus musculus	cell from 6-week-old mouse, day 4.5 in vitro Th2 differentiation	Il13 EGFP	male	fresh specimen	primary CD4+ spleenocyte	OK	P-MTAB-38837	P-MTAB-38838	P-MTAB-38839	Extract 18	PolyA RNA	PAIRED	TRANSCRIPTOMIC	RNA-Seq	RANDOM	5'-3'-5'-3'	1000	300	ERCC92.fa	P-MTAB-38840	Sanger	Cell 18	sequencing assay	ERX454765	cell18_1.fastq.gz	cell18_1.fastq.gz	ERR489044	ftp://ftp.sra.ebi.ac.uk/vol1/fastq/ERR489/ERR489044/ERR489044_1.fastq.gz	5054b3818fbb6d050a16e12ac8833c22	  	150	76	Cell 18
Cell 18	ERS444180	cell	Mus musculus	cell from 6-week-old mouse, day 4.5 in vitro Th2 differentiation	Il13 EGFP	male	fresh specimen	primary CD4+ spleenocyte	OK	P-MTAB-38837	P-MTAB-38838	P-MTAB-38839	Extract 18	PolyA RNA	PAIRED	TRANSCRIPTOMIC	RNA-Seq	RANDOM	5'-3'-5'-3'	1000	300	ERCC92.fa	P-MTAB-38840	Sanger	Cell 18	sequencing assay	ERX454765	cell18_2.fastq.gz	cell18_2.fastq.gz	ERR489044	ftp://ftp.sra.ebi.ac.uk/vol1/fastq/ERR489/ERR489044/ERR489044_2.fastq.gz	16790cab02e407bcdf6e1539580de93b	  	150	76	Cell 18
Cell 19	ERS444203	cell	Mus musculus	cell from 6-week-old mouse, day 4.5 in vitro Th2 differentiation	Il13 EGFP	male	fresh specimen	primary CD4+ spleenocyte	OK	P-MTAB-38837	P-MTAB-38838	P-MTAB-38839	Extract 19	PolyA RNA	PAIRED	TRANSCRIPTOMIC	RNA-Seq	RANDOM	5'-3'-5'-3'	1000	300	ERCC92.fa	P-MTAB-38840	Sanger	Cell 19	sequencing assay	ERX454788	cell19_1.fastq.gz	cell19_1.fastq.gz	ERR488976	ftp://ftp.sra.ebi.ac.uk/vol1/fastq/ERR488/ERR488976/ERR488976_1.fastq.gz	a9b35d3ce502596a9fc5d24d5c3866ab	  	150	76	Cell 19
Cell 19	ERS444203	cell	Mus musculus	cell from 6-week-old mouse, day 4.5 in vitro Th2 differentiation	Il13 EGFP	male	fresh specimen	primary CD4+ spleenocyte	OK	P-MTAB-38837	P-MTAB-38838	P-MTAB-38839	Extract 19	PolyA RNA	PAIRED	TRANSCRIPTOMIC	RNA-Seq	RANDOM	5'-3'-5'-3'	1000	300	ERCC92.fa	P-MTAB-38840	Sanger	Cell 19	sequencing assay	ERX454788	cell19_2.fastq.gz	cell19_2.fastq.gz	ERR488976	ftp://ftp.sra.ebi.ac.uk/vol1/fastq/ERR488/ERR488976/ERR488976_2.fastq.gz	0458ad6feb5e5ba3adaaedb4d73f41ad	  	150	76	Cell 19
Cell 20	ERS444139	cell	Mus musculus	cell from 6-week-old mouse, day 4.5 in vitro Th2 differentiation	Il13 EGFP	male	fresh specimen	primary CD4+ spleenocyte	OK	P-MTAB-38837	P-MTAB-38838	P-MTAB-38839	Extract 20	PolyA RNA	PAIRED	TRANSCRIPTOMIC	RNA-Seq	RANDOM	5'-3'-5'-3'	1000	300	ERCC92.fa	P-MTAB-38840	Sanger	Cell 20	sequencing assay	ERX454724	cell20_1.fastq.gz	cell20_1.fastq.gz	ERR489036	ftp://ftp.sra.ebi.ac.uk/vol1/fastq/ERR489/ERR489036/ERR489036_1.fastq.gz	7a5b1d2fd09d0139bb6347c1aff0362e	  	150	76	Cell 20
Cell 20	ERS444139	cell	Mus musculus	cell from 6-week-old mouse, day 4.5 in vitro Th2 differentiation	Il13 EGFP	male	fresh specimen	primary CD4+ spleenocyte	OK	P-MTAB-38837	P-MTAB-38838	P-MTAB-38839	Extract 20	PolyA RNA	PAIRED	TRANSCRIPTOMIC	RNA-Seq	RANDOM	5'-3'-5'-3'	1000	300	ERCC92.fa	P-MTAB-38840	Sanger	Cell 20	sequencing assay	ERX454724	cell20_2.fastq.gz	cell20_2.fastq.gz	ERR489036	ftp://ftp.sra.ebi.ac.uk/vol1/fastq/ERR489/ERR489036/ERR489036_2.fastq.gz	a6347b2f1d54b3631ad0c53a20d613ab	  	150	76	Cell 20
Cell 21	ERS444132	cell	Mus musculus	cell from 6-week-old mouse, day 4.5 in vitro Th2 differentiation	Il13 EGFP	male	fresh specimen	primary CD4+ spleenocyte	OK	P-MTAB-38837	P-MTAB-38838	P-MTAB-38839	Extract 21	PolyA RNA	PAIRED	TRANSCRIPTOMIC	RNA-Seq	RANDOM	5'-3'-5'-3'	1000	300	ERCC92.fa	P-MTAB-38840	Sanger	Cell 21	sequencing assay	ERX454717	cell21_1.fastq.gz	cell21_1.fastq.gz	ERR488962	ftp://ftp.sra.ebi.ac.uk/vol1/fastq/ERR488/ERR488962/ERR488962_1.fastq.gz	939f858e4efe25f97e2734aa29b36cb4	  	150	76	Cell 21
Cell 21	ERS444132	cell	Mus musculus	cell from 6-week-old mouse, day 4.5 in vitro Th2 differentiation	Il13 EGFP	male	fresh specimen	primary CD4+ spleenocyte	OK	P-MTAB-38837	P-MTAB-38838	P-MTAB-38839	Extract 21	PolyA RNA	PAIRED	TRANSCRIPTOMIC	RNA-Seq	RANDOM	5'-3'-5'-3'	1000	300	ERCC92.fa	P-MTAB-38840	Sanger	Cell 21	sequencing assay	ERX454717	cell21_2.fastq.gz	cell21_2.fastq.gz	ERR488962	ftp://ftp.sra.ebi.ac.uk/vol1/fastq/ERR488/ERR488962/ERR488962_2.fastq.gz	72067db697f50ed9cdd9719157636cbc	  	150	76	Cell 21
Cell 22	ERS444150	cell	Mus musculus	cell from 6-week-old mouse, day 4.5 in vitro Th2 differentiation	Il13 EGFP	male	fresh specimen	primary CD4+ spleenocyte	OK	P-MTAB-38837	P-MTAB-38838	P-MTAB-38839	Extract 22	PolyA RNA	PAIRED	TRANSCRIPTOMIC	RNA-Seq	RANDOM	5'-3'-5'-3'	1000	300	ERCC92.fa	P-MTAB-38840	Sanger	Cell 22	sequencing assay	ERX454735	cell22_1.fastq.gz	cell22_1.fastq.gz	ERR489003	ftp://ftp.sra.ebi.ac.uk/vol1/fastq/ERR489/ERR489003/ERR489003_1.fastq.gz	3bba88e6f42ce5a032cc1b4dd0d39b48	  	150	76	Cell 22
Cell 22	ERS444150	cell	Mus musculus	cell from 6-week-old mouse, day 4.5 in vitro Th2 differentiation	Il13 EGFP	male	fresh specimen	primary CD4+ spleenocyte	OK	P-MTAB-38837	P-MTAB-38838	P-MTAB-38839	Extract 22	PolyA RNA	PAIRED	TRANSCRIPTOMIC	RNA-Seq	RANDOM	5'-3'-5'-3'	1000	300	ERCC92.fa	P-MTAB-38840	Sanger	Cell 22	sequencing assay	ERX454735	cell22_2.fastq.gz	cell22_2.fastq.gz	ERR489003	ftp://ftp.sra.ebi.ac.uk/vol1/fastq/ERR489/ERR489003/ERR489003_2.fastq.gz	80901bd7945b429395ce778952e6b8d9	  	150	76	Cell 22
Cell 23	ERS444154	cell	Mus musculus	cell from 6-week-old mouse, day 4.5 in vitro Th2 differentiation	Il13 EGFP	male	fresh specimen	primary CD4+ spleenocyte	OK	P-MTAB-38837	P-MTAB-38838	P-MTAB-38839	Extract 23	PolyA RNA	PAIRED	TRANSCRIPTOMIC	RNA-Seq	RANDOM	5'-3'-5'-3'	1000	300	ERCC92.fa	P-MTAB-38840	Sanger	Cell 23	sequencing assay	ERX454739	cell23_1.fastq.gz	cell23_1.fastq.gz	ERR488974	ftp://ftp.sra.ebi.ac.uk/vol1/fastq/ERR488/ERR488974/ERR488974_1.fastq.gz	a47894f924b3a486b0f4dc171d6c54bb	  	150	76	Cell 23
Cell 23	ERS444154	cell	Mus musculus	cell from 6-week-old mouse, day 4.5 in vitro Th2 differentiation	Il13 EGFP	male	fresh specimen	primary CD4+ spleenocyte	OK	P-MTAB-38837	P-MTAB-38838	P-MTAB-38839	Extract 23	PolyA RNA	PAIRED	TRANSCRIPTOMIC	RNA-Seq	RANDOM	5'-3'-5'-3'	1000	300	ERCC92.fa	P-MTAB-38840	Sanger	Cell 23	sequencing assay	ERX454739	cell23_2.fastq.gz	cell23_2.fastq.gz	ERR488974	ftp://ftp.sra.ebi.ac.uk/vol1/fastq/ERR488/ERR488974/ERR488974_2.fastq.gz	1109609b100b3908a2d8c9a889e7eaf5	  	150	76	Cell 23
Cell 24	ERS444194	cell	Mus musculus	cell from 6-week-old mouse, day 4.5 in vitro Th2 differentiation	Il13 EGFP	male	fresh specimen	primary CD4+ spleenocyte	OK	P-MTAB-38837	P-MTAB-38838	P-MTAB-38839	Extract 24	PolyA RNA	PAIRED	TRANSCRIPTOMIC	RNA-Seq	RANDOM	5'-3'-5'-3'	1000	300	ERCC92.fa	P-MTAB-38840	Sanger	Cell 24	sequencing assay	ERX454779	cell24_1.fastq.gz	cell24_1.fastq.gz	ERR489046	ftp://ftp.sra.ebi.ac.uk/vol1/fastq/ERR489/ERR489046/ERR489046_1.fastq.gz	06c76dbd8ea0b67495fc0be55141bde4	  	150	76	Cell 24
Cell 24	ERS444194	cell	Mus musculus	cell from 6-week-old mouse, day 4.5 in vitro Th2 differentiation	Il13 EGFP	male	fresh specimen	primary CD4+ spleenocyte	OK	P-MTAB-38837	P-MTAB-38838	P-MTAB-38839	Extract 24	PolyA RNA	PAIRED	TRANSCRIPTOMIC	RNA-Seq	RANDOM	5'-3'-5'-3'	1000	300	ERCC92.fa	P-MTAB-38840	Sanger	Cell 24	sequencing assay	ERX454779	cell24_2.fastq.gz	cell24_2.fastq.gz	ERR489046	ftp://ftp.sra.ebi.ac.uk/vol1/fastq/ERR489/ERR489046/ERR489046_2.fastq.gz	e8ff4aa8bb51a04ad70b10f4173b4e27	  	150	76	Cell 24
Cell 25	ERS444167	cell	Mus musculus	cell from 6-week-old mouse, day 4.5 in vitro Th2 differentiation	Il13 EGFP	male	fresh specimen	primary CD4+ spleenocyte	OK	P-MTAB-38837	P-MTAB-38838	P-MTAB-38839	Extract 25	PolyA RNA	PAIRED	TRANSCRIPTOMIC	RNA-Seq	RANDOM	5'-3'-5'-3'	1000	300	ERCC92.fa	P-MTAB-38840	Sanger	Cell 25	sequencing assay	ERX454752	cell25_1.fastq.gz	cell25_1.fastq.gz	ERR488954	ftp://ftp.sra.ebi.ac.uk/vol1/fastq/ERR488/ERR488954/ERR488954_1.fastq.gz	f2f3210a6a8a6e0a5a2b740548d12eb9	  	150	76	Cell 25
Cell 25	ERS444167	cell	Mus musculus	cell from 6-week-old mouse, day 4.5 in vitro Th2 differentiation	Il13 EGFP	male	fresh specimen	primary CD4+ spleenocyte	OK	P-MTAB-38837	P-MTAB-38838	P-MTAB-38839	Extract 25	PolyA RNA	PAIRED	TRANSCRIPTOMIC	RNA-Seq	RANDOM	5'-3'-5'-3'	1000	300	ERCC92.fa	P-MTAB-38840	Sanger	Cell 25	sequencing assay	ERX454752	cell25_2.fastq.gz	cell25_2.fastq.gz	ERR488954	ftp://ftp.sra.ebi.ac.uk/vol1/fastq/ERR488/ERR488954/ERR488954_2.fastq.gz	413bd4a2aa1094ca4bf150622a1c9cc3	  	150	76	Cell 25
Cell 26	ERS444164	cell	Mus musculus	cell from 6-week-old mouse, day 4.5 in vitro Th2 differentiation	Il13 EGFP	male	fresh specimen	primary CD4+ spleenocyte	OK	P-MTAB-38837	P-MTAB-38838	P-MTAB-38839	Extract 26	PolyA RNA	PAIRED	TRANSCRIPTOMIC	RNA-Seq	RANDOM	5'-3'-5'-3'	1000	300	ERCC92.fa	P-MTAB-38840	Sanger	Cell 26	sequencing assay	ERX454749	cell26_1.fastq.gz	cell26_1.fastq.gz	ERR489035	ftp://ftp.sra.ebi.ac.uk/vol1/fastq/ERR489/ERR489035/ERR489035_1.fastq.gz	41ca2f34a9d7af0b62ea2a5900bbfc97	  	150	76	Cell 26
Cell 26	ERS444164	cell	Mus musculus	cell from 6-week-old mouse, day 4.5 in vitro Th2 differentiation	Il13 EGFP	male	fresh specimen	primary CD4+ spleenocyte	OK	P-MTAB-38837	P-MTAB-38838	P-MTAB-38839	Extract 26	PolyA RNA	PAIRED	TRANSCRIPTOMIC	RNA-Seq	RANDOM	5'-3'-5'-3'	1000	300	ERCC92.fa	P-MTAB-38840	Sanger	Cell 26	sequencing assay	ERX454749	cell26_2.fastq.gz	cell26_2.fastq.gz	ERR489035	ftp://ftp.sra.ebi.ac.uk/vol1/fastq/ERR489/ERR489035/ERR489035_2.fastq.gz	143442280deee7c634ab4e71c80a18ea	  	150	76	Cell 26
Cell 27	ERS444181	cell	Mus musculus	cell from 6-week-old mouse, day 4.5 in vitro Th2 differentiation	Il13 EGFP	male	fresh specimen	primary CD4+ spleenocyte	OK	P-MTAB-38837	P-MTAB-38838	P-MTAB-38839	Extract 27	PolyA RNA	PAIRED	TRANSCRIPTOMIC	RNA-Seq	RANDOM	5'-3'-5'-3'	1000	300	ERCC92.fa	P-MTAB-38840	Sanger	Cell 27	sequencing assay	ERX454766	cell27_1.fastq.gz	cell27_1.fastq.gz	ERR489025	ftp://ftp.sra.ebi.ac.uk/vol1/fastq/ERR489/ERR489025/ERR489025_1.fastq.gz	c955c2d6ea68131a43843e2d1833fbdb	  	150	76	Cell 27
Cell 27	ERS444181	cell	Mus musculus	cell from 6-week-old mouse, day 4.5 in vitro Th2 differentiation	Il13 EGFP	male	fresh specimen	primary CD4+ spleenocyte	OK	P-MTAB-38837	P-MTAB-38838	P-MTAB-38839	Extract 27	PolyA RNA	PAIRED	TRANSCRIPTOMIC	RNA-Seq	RANDOM	5'-3'-5'-3'	1000	300	ERCC92.fa	P-MTAB-38840	Sanger	Cell 27	sequencing assay	ERX454766	cell27_2.fastq.gz	cell27_2.fastq.gz	ERR489025	ftp://ftp.sra.ebi.ac.uk/vol1/fastq/ERR489/ERR489025/ERR489025_2.fastq.gz	bb46d56a189e2f0082fbcf592c845cc7	  	150	76	Cell 27
Cell 28	ERS444125	cell	Mus musculus	cell from 6-week-old mouse, day 4.5 in vitro Th2 differentiation	Il13 EGFP	male	fresh specimen	primary CD4+ spleenocyte	OK	P-MTAB-38837	P-MTAB-38838	P-MTAB-38839	Extract 28	PolyA RNA	PAIRED	TRANSCRIPTOMIC	RNA-Seq	RANDOM	5'-3'-5'-3'	1000	300	ERCC92.fa	P-MTAB-38840	Sanger	Cell 28	sequencing assay	ERX454710	cell28_1.fastq.gz	cell28_1.fastq.gz	ERR489022	ftp://ftp.sra.ebi.ac.uk/vol1/fastq/ERR489/ERR489022/ERR489022_1.fastq.gz	8ee206fc5eabd94dc999825f5bc3ad0b	  	150	76	Cell 28
Cell 28	ERS444125	cell	Mus musculus	cell from 6-week-old mouse, day 4.5 in vitro Th2 differentiation	Il13 EGFP	male	fresh specimen	primary CD4+ spleenocyte	OK	P-MTAB-38837	P-MTAB-38838	P-MTAB-38839	Extract 28	PolyA RNA	PAIRED	TRANSCRIPTOMIC	RNA-Seq	RANDOM	5'-3'-5'-3'	1000	300	ERCC92.fa	P-MTAB-38840	Sanger	Cell 28	sequencing assay	ERX454710	cell28_2.fastq.gz	cell28_2.fastq.gz	ERR489022	ftp://ftp.sra.ebi.ac.uk/vol1/fastq/ERR489/ERR489022/ERR489022_2.fastq.gz	c2a816acb5f315d35726e87151a1eeb8	  	150	76	Cell 28
Cell 29	ERS444177	cell	Mus musculus	cell from 6-week-old mouse, day 4.5 in vitro Th2 differentiation	Il13 EGFP	male	fresh specimen	primary CD4+ spleenocyte	OK	P-MTAB-38837	P-MTAB-38838	P-MTAB-38839	Extract 29	PolyA RNA	PAIRED	TRANSCRIPTOMIC	RNA-Seq	RANDOM	5'-3'-5'-3'	1000	300	ERCC92.fa	P-MTAB-38840	Sanger	Cell 29	sequencing assay	ERX454762	cell29_1.fastq.gz	cell29_1.fastq.gz	ERR489014	ftp://ftp.sra.ebi.ac.uk/vol1/fastq/ERR489/ERR489014/ERR489014_1.fastq.gz	af999066e40fbb81c59777c849bb0459	  	150	76	Cell 29
Cell 29	ERS444177	cell	Mus musculus	cell from 6-week-old mouse, day 4.5 in vitro Th2 differentiation	Il13 EGFP	male	fresh specimen	primary CD4+ spleenocyte	OK	P-MTAB-38837	P-MTAB-38838	P-MTAB-38839	Extract 29	PolyA RNA	PAIRED	TRANSCRIPTOMIC	RNA-Seq	RANDOM	5'-3'-5'-3'	1000	300	ERCC92.fa	P-MTAB-38840	Sanger	Cell 29	sequencing assay	ERX454762	cell29_2.fastq.gz	cell29_2.fastq.gz	ERR489014	ftp://ftp.sra.ebi.ac.uk/vol1/fastq/ERR489/ERR489014/ERR489014_2.fastq.gz	db935d68c6b0cef7c8b9882bad3c1c29	  	150	76	Cell 29
Cell 30	ERS444147	cell	Mus musculus	cell from 6-week-old mouse, day 4.5 in vitro Th2 differentiation	Il13 EGFP	male	fresh specimen	primary CD4+ spleenocyte	OK	P-MTAB-38837	P-MTAB-38838	P-MTAB-38839	Extract 30	PolyA RNA	PAIRED	TRANSCRIPTOMIC	RNA-Seq	RANDOM	5'-3'-5'-3'	1000	300	ERCC92.fa	P-MTAB-38840	Sanger	Cell 30	sequencing assay	ERX454732	cell30_1.fastq.gz	cell30_1.fastq.gz	ERR488994	ftp://ftp.sra.ebi.ac.uk/vol1/fastq/ERR488/ERR488994/ERR488994_1.fastq.gz	395012516d80ae44c88b14d3d072305e	  	150	76	Cell 30
Cell 30	ERS444147	cell	Mus musculus	cell from 6-week-old mouse, day 4.5 in vitro Th2 differentiation	Il13 EGFP	male	fresh specimen	primary CD4+ spleenocyte	OK	P-MTAB-38837	P-MTAB-38838	P-MTAB-38839	Extract 30	PolyA RNA	PAIRED	TRANSCRIPTOMIC	RNA-Seq	RANDOM	5'-3'-5'-3'	1000	300	ERCC92.fa	P-MTAB-38840	Sanger	Cell 30	sequencing assay	ERX454732	cell30_2.fastq.gz	cell30_2.fastq.gz	ERR488994	ftp://ftp.sra.ebi.ac.uk/vol1/fastq/ERR488/ERR488994/ERR488994_2.fastq.gz	eeeedffa53f9f7baddb6bd3369093af1	  	150	76	Cell 30
Cell 31	ERS444151	cell	Mus musculus	cell from 6-week-old mouse, day 4.5 in vitro Th2 differentiation	Il13 EGFP	male	fresh specimen	primary CD4+ spleenocyte	OK	P-MTAB-38837	P-MTAB-38838	P-MTAB-38839	Extract 31	PolyA RNA	PAIRED	TRANSCRIPTOMIC	RNA-Seq	RANDOM	5'-3'-5'-3'	1000	300	ERCC92.fa	P-MTAB-38840	Sanger	Cell 31	sequencing assay	ERX454736	cell31_1.fastq.gz	cell31_1.fastq.gz	ERR488981	ftp://ftp.sra.ebi.ac.uk/vol1/fastq/ERR488/ERR488981/ERR488981_1.fastq.gz	408155eb1a0dc6a6003b18e00d45b696	  	150	76	Cell 31
Cell 31	ERS444151	cell	Mus musculus	cell from 6-week-old mouse, day 4.5 in vitro Th2 differentiation	Il13 EGFP	male	fresh specimen	primary CD4+ spleenocyte	OK	P-MTAB-38837	P-MTAB-38838	P-MTAB-38839	Extract 31	PolyA RNA	PAIRED	TRANSCRIPTOMIC	RNA-Seq	RANDOM	5'-3'-5'-3'	1000	300	ERCC92.fa	P-MTAB-38840	Sanger	Cell 31	sequencing assay	ERX454736	cell31_2.fastq.gz	cell31_2.fastq.gz	ERR488981	ftp://ftp.sra.ebi.ac.uk/vol1/fastq/ERR488/ERR488981/ERR488981_2.fastq.gz	1d59670ad03aa0224cc274f5169a4024	  	150	76	Cell 31
Cell 32	ERS444195	cell	Mus musculus	cell from 6-week-old mouse, day 4.5 in vitro Th2 differentiation	Il13 EGFP	male	fresh specimen	primary CD4+ spleenocyte	OK	P-MTAB-38837	P-MTAB-38838	P-MTAB-38839	Extract 32	PolyA RNA	PAIRED	TRANSCRIPTOMIC	RNA-Seq	RANDOM	5'-3'-5'-3'	1000	300	ERCC92.fa	P-MTAB-38840	Sanger	Cell 32	sequencing assay	ERX454780	cell32_1.fastq.gz	cell32_1.fastq.gz	ERR488964	ftp://ftp.sra.ebi.ac.uk/vol1/fastq/ERR488/ERR488964/ERR488964_1.fastq.gz	a8bfd3befb2208adb0eb1738c65956a6	  	150	76	Cell 32
Cell 32	ERS444195	cell	Mus musculus	cell from 6-week-old mouse, day 4.5 in vitro Th2 differentiation	Il13 EGFP	male	fresh specimen	primary CD4+ spleenocyte	OK	P-MTAB-38837	P-MTAB-38838	P-MTAB-38839	Extract 32	PolyA RNA	PAIRED	TRANSCRIPTOMIC	RNA-Seq	RANDOM	5'-3'-5'-3'	1000	300	ERCC92.fa	P-MTAB-38840	Sanger	Cell 32	sequencing assay	ERX454780	cell32_2.fastq.gz	cell32_2.fastq.gz	ERR488964	ftp://ftp.sra.ebi.ac.uk/vol1/fastq/ERR488/ERR488964/ERR488964_2.fastq.gz	5f78c0c4914e0b7eb75ba53fbb3cd7e7	  	150	76	Cell 32
Cell 33	ERS444207	cell	Mus musculus	cell from 6-week-old mouse, day 4.5 in vitro Th2 differentiation	Il13 EGFP	male	fresh specimen	primary CD4+ spleenocyte	OK	P-MTAB-38837	P-MTAB-38838	P-MTAB-38839	Extract 33	PolyA RNA	PAIRED	TRANSCRIPTOMIC	RNA-Seq	RANDOM	5'-3'-5'-3'	1000	300	ERCC92.fa	P-MTAB-38840	Sanger	Cell 33	sequencing assay	ERX454792	cell33_1.fastq.gz	cell33_1.fastq.gz	ERR488978	ftp://ftp.sra.ebi.ac.uk/vol1/fastq/ERR488/ERR488978/ERR488978_1.fastq.gz	df681a019764278ab269de0d48951368	  	150	76	Cell 33
Cell 33	ERS444207	cell	Mus musculus	cell from 6-week-old mouse, day 4.5 in vitro Th2 differentiation	Il13 EGFP	male	fresh specimen	primary CD4+ spleenocyte	OK	P-MTAB-38837	P-MTAB-38838	P-MTAB-38839	Extract 33	PolyA RNA	PAIRED	TRANSCRIPTOMIC	RNA-Seq	RANDOM	5'-3'-5'-3'	1000	300	ERCC92.fa	P-MTAB-38840	Sanger	Cell 33	sequencing assay	ERX454792	cell33_2.fastq.gz	cell33_2.fastq.gz	ERR488978	ftp://ftp.sra.ebi.ac.uk/vol1/fastq/ERR488/ERR488978/ERR488978_2.fastq.gz	7383aacfc7d714bb1c2cba05d3388ff0	  	150	76	Cell 33
Cell 34	ERS444196	cell	Mus musculus	cell from 6-week-old mouse, day 4.5 in vitro Th2 differentiation	Il13 EGFP	male	fresh specimen	primary CD4+ spleenocyte	OK	P-MTAB-38837	P-MTAB-38838	P-MTAB-38839	Extract 34	PolyA RNA	PAIRED	TRANSCRIPTOMIC	RNA-Seq	RANDOM	5'-3'-5'-3'	1000	300	ERCC92.fa	P-MTAB-38840	Sanger	Cell 34	sequencing assay	ERX454781	cell34_1.fastq.gz	cell34_1.fastq.gz	ERR489002	ftp://ftp.sra.ebi.ac.uk/vol1/fastq/ERR489/ERR489002/ERR489002_1.fastq.gz	43b33a821305a3ead6e493d2f029aeff	  	150	76	Cell 34
Cell 34	ERS444196	cell	Mus musculus	cell from 6-week-old mouse, day 4.5 in vitro Th2 differentiation	Il13 EGFP	male	fresh specimen	primary CD4+ spleenocyte	OK	P-MTAB-38837	P-MTAB-38838	P-MTAB-38839	Extract 34	PolyA RNA	PAIRED	TRANSCRIPTOMIC	RNA-Seq	RANDOM	5'-3'-5'-3'	1000	300	ERCC92.fa	P-MTAB-38840	Sanger	Cell 34	sequencing assay	ERX454781	cell34_2.fastq.gz	cell34_2.fastq.gz	ERR489002	ftp://ftp.sra.ebi.ac.uk/vol1/fastq/ERR489/ERR489002/ERR489002_2.fastq.gz	b63cf1ff04ab30bb59585989a64572bd	  	150	76	Cell 34
Cell 35	ERS444169	cell	Mus musculus	cell from 6-week-old mouse, day 4.5 in vitro Th2 differentiation	Il13 EGFP	male	fresh specimen	primary CD4+ spleenocyte	OK	P-MTAB-38837	P-MTAB-38838	P-MTAB-38839	Extract 35	PolyA RNA	PAIRED	TRANSCRIPTOMIC	RNA-Seq	RANDOM	5'-3'-5'-3'	1000	300	ERCC92.fa	P-MTAB-38840	Sanger	Cell 35	sequencing assay	ERX454754	cell35_1.fastq.gz	cell35_1.fastq.gz	ERR489037	ftp://ftp.sra.ebi.ac.uk/vol1/fastq/ERR489/ERR489037/ERR489037_1.fastq.gz	fac90f13d0addf64ce11c3509d9ddc3e	  	150	76	Cell 35
Cell 35	ERS444169	cell	Mus musculus	cell from 6-week-old mouse, day 4.5 in vitro Th2 differentiation	Il13 EGFP	male	fresh specimen	primary CD4+ spleenocyte	OK	P-MTAB-38837	P-MTAB-38838	P-MTAB-38839	Extract 35	PolyA RNA	PAIRED	TRANSCRIPTOMIC	RNA-Seq	RANDOM	5'-3'-5'-3'	1000	300	ERCC92.fa	P-MTAB-38840	Sanger	Cell 35	sequencing assay	ERX454754	cell35_2.fastq.gz	cell35_2.fastq.gz	ERR489037	ftp://ftp.sra.ebi.ac.uk/vol1/fastq/ERR489/ERR489037/ERR489037_2.fastq.gz	3919c377ce657173ef1cb2e0ba186bfc	  	150	76	Cell 35
Cell 36	ERS444127	cell	Mus musculus	cell from 6-week-old mouse, day 4.5 in vitro Th2 differentiation	Il13 EGFP	male	fresh specimen	primary CD4+ spleenocyte	OK	P-MTAB-38837	P-MTAB-38838	P-MTAB-38839	Extract 36	PolyA RNA	PAIRED	TRANSCRIPTOMIC	RNA-Seq	RANDOM	5'-3'-5'-3'	1000	300	ERCC92.fa	P-MTAB-38840	Sanger	Cell 36	sequencing assay	ERX454712	cell36_1.fastq.gz	cell36_1.fastq.gz	ERR488987	ftp://ftp.sra.ebi.ac.uk/vol1/fastq/ERR488/ERR488987/ERR488987_1.fastq.gz	0fed093b04b353ddb29df83260bb18f8	  	150	76	Cell 36
Cell 36	ERS444127	cell	Mus musculus	cell from 6-week-old mouse, day 4.5 in vitro Th2 differentiation	Il13 EGFP	male	fresh specimen	primary CD4+ spleenocyte	OK	P-MTAB-38837	P-MTAB-38838	P-MTAB-38839	Extract 36	PolyA RNA	PAIRED	TRANSCRIPTOMIC	RNA-Seq	RANDOM	5'-3'-5'-3'	1000	300	ERCC92.fa	P-MTAB-38840	Sanger	Cell 36	sequencing assay	ERX454712	cell36_2.fastq.gz	cell36_2.fastq.gz	ERR488987	ftp://ftp.sra.ebi.ac.uk/vol1/fastq/ERR488/ERR488987/ERR488987_2.fastq.gz	229a22ddd6d359f31cec56df5c16bad2	  	150	76	Cell 36
Cell 37	ERS444210	cell	Mus musculus	cell from 6-week-old mouse, day 4.5 in vitro Th2 differentiation	Il13 EGFP	male	fresh specimen	primary CD4+ spleenocyte	OK	P-MTAB-38837	P-MTAB-38838	P-MTAB-38839	Extract 37	PolyA RNA	PAIRED	TRANSCRIPTOMIC	RNA-Seq	RANDOM	5'-3'-5'-3'	1000	300	ERCC92.fa	P-MTAB-38840	Sanger	Cell 37	sequencing assay	ERX454795	cell37_1.fastq.gz	cell37_1.fastq.gz	ERR488966	ftp://ftp.sra.ebi.ac.uk/vol1/fastq/ERR488/ERR488966/ERR488966_1.fastq.gz	38c4e674113a7d5ae1ff780062ff8400	  	150	76	Cell 37
Cell 37	ERS444210	cell	Mus musculus	cell from 6-week-old mouse, day 4.5 in vitro Th2 differentiation	Il13 EGFP	male	fresh specimen	primary CD4+ spleenocyte	OK	P-MTAB-38837	P-MTAB-38838	P-MTAB-38839	Extract 37	PolyA RNA	PAIRED	TRANSCRIPTOMIC	RNA-Seq	RANDOM	5'-3'-5'-3'	1000	300	ERCC92.fa	P-MTAB-38840	Sanger	Cell 37	sequencing assay	ERX454795	cell37_2.fastq.gz	cell37_2.fastq.gz	ERR488966	ftp://ftp.sra.ebi.ac.uk/vol1/fastq/ERR488/ERR488966/ERR488966_2.fastq.gz	6200b7fa46704dc138031e380a1e84de	  	150	76	Cell 37
Cell 38	ERS444144	cell	Mus musculus	cell from 6-week-old mouse, day 4.5 in vitro Th2 differentiation	Il13 EGFP	male	fresh specimen	primary CD4+ spleenocyte	OK	P-MTAB-38837	P-MTAB-38838	P-MTAB-38839	Extract 38	PolyA RNA	PAIRED	TRANSCRIPTOMIC	RNA-Seq	RANDOM	5'-3'-5'-3'	1000	300	ERCC92.fa	P-MTAB-38840	Sanger	Cell 38	sequencing assay	ERX454729	cell38_1.fastq.gz	cell38_1.fastq.gz	ERR489008	ftp://ftp.sra.ebi.ac.uk/vol1/fastq/ERR489/ERR489008/ERR489008_1.fastq.gz	3c5576f704f0599a62b81ce92b6fdfb4	  	150	76	Cell 38
Cell 38	ERS444144	cell	Mus musculus	cell from 6-week-old mouse, day 4.5 in vitro Th2 differentiation	Il13 EGFP	male	fresh specimen	primary CD4+ spleenocyte	OK	P-MTAB-38837	P-MTAB-38838	P-MTAB-38839	Extract 38	PolyA RNA	PAIRED	TRANSCRIPTOMIC	RNA-Seq	RANDOM	5'-3'-5'-3'	1000	300	ERCC92.fa	P-MTAB-38840	Sanger	Cell 38	sequencing assay	ERX454729	cell38_2.fastq.gz	cell38_2.fastq.gz	ERR489008	ftp://ftp.sra.ebi.ac.uk/vol1/fastq/ERR489/ERR489008/ERR489008_2.fastq.gz	082c16a6dd14b065748c77041a14238f	  	150	76	Cell 38
Cell 39	ERS444135	cell	Mus musculus	cell from 6-week-old mouse, day 4.5 in vitro Th2 differentiation	Il13 EGFP	male	fresh specimen	primary CD4+ spleenocyte	OK	P-MTAB-38837	P-MTAB-38838	P-MTAB-38839	Extract 39	PolyA RNA	PAIRED	TRANSCRIPTOMIC	RNA-Seq	RANDOM	5'-3'-5'-3'	1000	300	ERCC92.fa	P-MTAB-38840	Sanger	Cell 39	sequencing assay	ERX454720	cell39_1.fastq.gz	cell39_1.fastq.gz	ERR488986	ftp://ftp.sra.ebi.ac.uk/vol1/fastq/ERR488/ERR488986/ERR488986_1.fastq.gz	283417bef4cac62a2a2beb0b7d44a18d	  	150	76	Cell 39
Cell 39	ERS444135	cell	Mus musculus	cell from 6-week-old mouse, day 4.5 in vitro Th2 differentiation	Il13 EGFP	male	fresh specimen	primary CD4+ spleenocyte	OK	P-MTAB-38837	P-MTAB-38838	P-MTAB-38839	Extract 39	PolyA RNA	PAIRED	TRANSCRIPTOMIC	RNA-Seq	RANDOM	5'-3'-5'-3'	1000	300	ERCC92.fa	P-MTAB-38840	Sanger	Cell 39	sequencing assay	ERX454720	cell39_2.fastq.gz	cell39_2.fastq.gz	ERR488986	ftp://ftp.sra.ebi.ac.uk/vol1/fastq/ERR488/ERR488986/ERR488986_2.fastq.gz	456744f7048ddf472e6bb9936a0dbbc0	  	150	76	Cell 39
Cell 40	ERS444184	cell	Mus musculus	cell from 6-week-old mouse, day 4.5 in vitro Th2 differentiation	Il13 EGFP	male	fresh specimen	primary CD4+ spleenocyte	OK	P-MTAB-38837	P-MTAB-38838	P-MTAB-38839	Extract 40	PolyA RNA	PAIRED	TRANSCRIPTOMIC	RNA-Seq	RANDOM	5'-3'-5'-3'	1000	300	ERCC92.fa	P-MTAB-38840	Sanger	Cell 40	sequencing assay	ERX454769	cell40_1.fastq.gz	cell40_1.fastq.gz	ERR489043	ftp://ftp.sra.ebi.ac.uk/vol1/fastq/ERR489/ERR489043/ERR489043_1.fastq.gz	3edb4b9d08d4947745099ead9586b908	  	150	76	Cell 40
Cell 40	ERS444184	cell	Mus musculus	cell from 6-week-old mouse, day 4.5 in vitro Th2 differentiation	Il13 EGFP	male	fresh specimen	primary CD4+ spleenocyte	OK	P-MTAB-38837	P-MTAB-38838	P-MTAB-38839	Extract 40	PolyA RNA	PAIRED	TRANSCRIPTOMIC	RNA-Seq	RANDOM	5'-3'-5'-3'	1000	300	ERCC92.fa	P-MTAB-38840	Sanger	Cell 40	sequencing assay	ERX454769	cell40_2.fastq.gz	cell40_2.fastq.gz	ERR489043	ftp://ftp.sra.ebi.ac.uk/vol1/fastq/ERR489/ERR489043/ERR489043_2.fastq.gz	1e4eae0a23a2d5f2d5aa6c02cd5a0e9c	  	150	76	Cell 40
Cell 41	ERS444212	cell	Mus musculus	cell from 6-week-old mouse, day 4.5 in vitro Th2 differentiation	Il13 EGFP	male	fresh specimen	primary CD4+ spleenocyte	OK	P-MTAB-38837	P-MTAB-38838	P-MTAB-38839	Extract 41	PolyA RNA	PAIRED	TRANSCRIPTOMIC	RNA-Seq	RANDOM	5'-3'-5'-3'	1000	300	ERCC92.fa	P-MTAB-38840	Sanger	Cell 41	sequencing assay	ERX454797	cell41_1.fastq.gz	cell41_1.fastq.gz	ERR489029	ftp://ftp.sra.ebi.ac.uk/vol1/fastq/ERR489/ERR489029/ERR489029_1.fastq.gz	5b4202d8693571ebbaf49c30b5f9800f	  	150	76	Cell 41
Cell 41	ERS444212	cell	Mus musculus	cell from 6-week-old mouse, day 4.5 in vitro Th2 differentiation	Il13 EGFP	male	fresh specimen	primary CD4+ spleenocyte	OK	P-MTAB-38837	P-MTAB-38838	P-MTAB-38839	Extract 41	PolyA RNA	PAIRED	TRANSCRIPTOMIC	RNA-Seq	RANDOM	5'-3'-5'-3'	1000	300	ERCC92.fa	P-MTAB-38840	Sanger	Cell 41	sequencing assay	ERX454797	cell41_2.fastq.gz	cell41_2.fastq.gz	ERR489029	ftp://ftp.sra.ebi.ac.uk/vol1/fastq/ERR489/ERR489029/ERR489029_2.fastq.gz	45dc99e018f9fcffaec6d28c145af505	  	150	76	Cell 41
Cell 42	ERS444149	cell	Mus musculus	cell from 6-week-old mouse, day 4.5 in vitro Th2 differentiation	Il13 EGFP	male	fresh specimen	primary CD4+ spleenocyte	OK	P-MTAB-38837	P-MTAB-38838	P-MTAB-38839	Extract 42	PolyA RNA	PAIRED	TRANSCRIPTOMIC	RNA-Seq	RANDOM	5'-3'-5'-3'	1000	300	ERCC92.fa	P-MTAB-38840	Sanger	Cell 42	sequencing assay	ERX454734	cell42_1.fastq.gz	cell42_1.fastq.gz	ERR489017	ftp://ftp.sra.ebi.ac.uk/vol1/fastq/ERR489/ERR489017/ERR489017_1.fastq.gz	4e5ab7efd34b9a525972d449b72fad52	  	150	76	Cell 42
Cell 42	ERS444149	cell	Mus musculus	cell from 6-week-old mouse, day 4.5 in vitro Th2 differentiation	Il13 EGFP	male	fresh specimen	primary CD4+ spleenocyte	OK	P-MTAB-38837	P-MTAB-38838	P-MTAB-38839	Extract 42	PolyA RNA	PAIRED	TRANSCRIPTOMIC	RNA-Seq	RANDOM	5'-3'-5'-3'	1000	300	ERCC92.fa	P-MTAB-38840	Sanger	Cell 42	sequencing assay	ERX454734	cell42_2.fastq.gz	cell42_2.fastq.gz	ERR489017	ftp://ftp.sra.ebi.ac.uk/vol1/fastq/ERR489/ERR489017/ERR489017_2.fastq.gz	aa5003f39727e685cf4c5373a54acec2	  	150	76	Cell 42
Cell 43	ERS444216	cell	Mus musculus	cell from 6-week-old mouse, day 4.5 in vitro Th2 differentiation	Il13 EGFP	male	fresh specimen	primary CD4+ spleenocyte	OK	P-MTAB-38837	P-MTAB-38838	P-MTAB-38839	Extract 43	PolyA RNA	PAIRED	TRANSCRIPTOMIC	RNA-Seq	RANDOM	5'-3'-5'-3'	1000	300	ERCC92.fa	P-MTAB-38840	Sanger	Cell 43	sequencing assay	ERX454801	cell43_1.fastq.gz	cell43_1.fastq.gz	ERR489005	ftp://ftp.sra.ebi.ac.uk/vol1/fastq/ERR489/ERR489005/ERR489005_1.fastq.gz	fb758a4aecab7ca7d0028d8ae0bdc6ed	  	150	76	Cell 43
Cell 43	ERS444216	cell	Mus musculus	cell from 6-week-old mouse, day 4.5 in vitro Th2 differentiation	Il13 EGFP	male	fresh specimen	primary CD4+ spleenocyte	OK	P-MTAB-38837	P-MTAB-38838	P-MTAB-38839	Extract 43	PolyA RNA	PAIRED	TRANSCRIPTOMIC	RNA-Seq	RANDOM	5'-3'-5'-3'	1000	300	ERCC92.fa	P-MTAB-38840	Sanger	Cell 43	sequencing assay	ERX454801	cell43_2.fastq.gz	cell43_2.fastq.gz	ERR489005	ftp://ftp.sra.ebi.ac.uk/vol1/fastq/ERR489/ERR489005/ERR489005_2.fastq.gz	7c213082a7ffe5446a85534c837868de	  	150	76	Cell 43
Cell 44	ERS444202	cell	Mus musculus	cell from 6-week-old mouse, day 4.5 in vitro Th2 differentiation	Il13 EGFP	male	fresh specimen	primary CD4+ spleenocyte	OK	P-MTAB-38837	P-MTAB-38838	P-MTAB-38839	Extract 44	PolyA RNA	PAIRED	TRANSCRIPTOMIC	RNA-Seq	RANDOM	5'-3'-5'-3'	1000	300	ERCC92.fa	P-MTAB-38840	Sanger	Cell 44	sequencing assay	ERX454787	cell44_1.fastq.gz	cell44_1.fastq.gz	ERR488991	ftp://ftp.sra.ebi.ac.uk/vol1/fastq/ERR488/ERR488991/ERR488991_1.fastq.gz	8e2b83729d5d8a062b80826aa4fb5210	  	150	76	Cell 44
Cell 44	ERS444202	cell	Mus musculus	cell from 6-week-old mouse, day 4.5 in vitro Th2 differentiation	Il13 EGFP	male	fresh specimen	primary CD4+ spleenocyte	OK	P-MTAB-38837	P-MTAB-38838	P-MTAB-38839	Extract 44	PolyA RNA	PAIRED	TRANSCRIPTOMIC	RNA-Seq	RANDOM	5'-3'-5'-3'	1000	300	ERCC92.fa	P-MTAB-38840	Sanger	Cell 44	sequencing assay	ERX454787	cell44_2.fastq.gz	cell44_2.fastq.gz	ERR488991	ftp://ftp.sra.ebi.ac.uk/vol1/fastq/ERR488/ERR488991/ERR488991_2.fastq.gz	3f7591a9721ee52e73a077317cf99282	  	150	76	Cell 44
Cell 45	ERS444158	cell	Mus musculus	cell from 6-week-old mouse, day 4.5 in vitro Th2 differentiation	Il13 EGFP	male	fresh specimen	primary CD4+ spleenocyte	OK	P-MTAB-38837	P-MTAB-38838	P-MTAB-38839	Extract 45	PolyA RNA	PAIRED	TRANSCRIPTOMIC	RNA-Seq	RANDOM	5'-3'-5'-3'	1000	300	ERCC92.fa	P-MTAB-38840	Sanger	Cell 45	sequencing assay	ERX454743	cell45_1.fastq.gz	cell45_1.fastq.gz	ERR489000	ftp://ftp.sra.ebi.ac.uk/vol1/fastq/ERR489/ERR489000/ERR489000_1.fastq.gz	485d89ca95f5874a8ed2687d930fa67a	  	150	76	Cell 45
Cell 45	ERS444158	cell	Mus musculus	cell from 6-week-old mouse, day 4.5 in vitro Th2 differentiation	Il13 EGFP	male	fresh specimen	primary CD4+ spleenocyte	OK	P-MTAB-38837	P-MTAB-38838	P-MTAB-38839	Extract 45	PolyA RNA	PAIRED	TRANSCRIPTOMIC	RNA-Seq	RANDOM	5'-3'-5'-3'	1000	300	ERCC92.fa	P-MTAB-38840	Sanger	Cell 45	sequencing assay	ERX454743	cell45_2.fastq.gz	cell45_2.fastq.gz	ERR489000	ftp://ftp.sra.ebi.ac.uk/vol1/fastq/ERR489/ERR489000/ERR489000_2.fastq.gz	096532df6408031941098ee94f94a9e3	  	150	76	Cell 45
Cell 46	ERS444123	cell	Mus musculus	cell from 6-week-old mouse, day 4.5 in vitro Th2 differentiation	Il13 EGFP	male	fresh specimen	primary CD4+ spleenocyte	OK	P-MTAB-38837	P-MTAB-38838	P-MTAB-38839	Extract 46	PolyA RNA	PAIRED	TRANSCRIPTOMIC	RNA-Seq	RANDOM	5'-3'-5'-3'	1000	300	ERCC92.fa	P-MTAB-38840	Sanger	Cell 46	sequencing assay	ERX454708	cell46_1.fastq.gz	cell46_1.fastq.gz	ERR488997	ftp://ftp.sra.ebi.ac.uk/vol1/fastq/ERR488/ERR488997/ERR488997_1.fastq.gz	7430fc1fdfa9d5a12fc902c35a0450ae	  	150	76	Cell 46
Cell 46	ERS444123	cell	Mus musculus	cell from 6-week-old mouse, day 4.5 in vitro Th2 differentiation	Il13 EGFP	male	fresh specimen	primary CD4+ spleenocyte	OK	P-MTAB-38837	P-MTAB-38838	P-MTAB-38839	Extract 46	PolyA RNA	PAIRED	TRANSCRIPTOMIC	RNA-Seq	RANDOM	5'-3'-5'-3'	1000	300	ERCC92.fa	P-MTAB-38840	Sanger	Cell 46	sequencing assay	ERX454708	cell46_2.fastq.gz	cell46_2.fastq.gz	ERR488997	ftp://ftp.sra.ebi.ac.uk/vol1/fastq/ERR488/ERR488997/ERR488997_2.fastq.gz	7ff9c5d7513667e18a43db508fd2fb49	  	150	76	Cell 46
Cell 47	ERS444133	cell	Mus musculus	cell from 6-week-old mouse, day 4.5 in vitro Th2 differentiation	Il13 EGFP	male	fresh specimen	primary CD4+ spleenocyte	OK	P-MTAB-38837	P-MTAB-38838	P-MTAB-38839	Extract 47	PolyA RNA	PAIRED	TRANSCRIPTOMIC	RNA-Seq	RANDOM	5'-3'-5'-3'	1000	300	ERCC92.fa	P-MTAB-38840	Sanger	Cell 47	sequencing assay	ERX454718	cell47_1.fastq.gz	cell47_1.fastq.gz	ERR488996	ftp://ftp.sra.ebi.ac.uk/vol1/fastq/ERR488/ERR488996/ERR488996_1.fastq.gz	a1808bbaad5497c57c78b0ef5bdf530c	  	150	76	Cell 47
Cell 47	ERS444133	cell	Mus musculus	cell from 6-week-old mouse, day 4.5 in vitro Th2 differentiation	Il13 EGFP	male	fresh specimen	primary CD4+ spleenocyte	OK	P-MTAB-38837	P-MTAB-38838	P-MTAB-38839	Extract 47	PolyA RNA	PAIRED	TRANSCRIPTOMIC	RNA-Seq	RANDOM	5'-3'-5'-3'	1000	300	ERCC92.fa	P-MTAB-38840	Sanger	Cell 47	sequencing assay	ERX454718	cell47_2.fastq.gz	cell47_2.fastq.gz	ERR488996	ftp://ftp.sra.ebi.ac.uk/vol1/fastq/ERR488/ERR488996/ERR488996_2.fastq.gz	fca93eaf934018e4ec45eb9196d49a5d	  	150	76	Cell 47
Cell 48	ERS444215	cell	Mus musculus	cell from 6-week-old mouse, day 4.5 in vitro Th2 differentiation	Il13 EGFP	male	fresh specimen	primary CD4+ spleenocyte	OK	P-MTAB-38837	P-MTAB-38838	P-MTAB-38839	Extract 48	PolyA RNA	PAIRED	TRANSCRIPTOMIC	RNA-Seq	RANDOM	5'-3'-5'-3'	1000	300	ERCC92.fa	P-MTAB-38840	Sanger	Cell 48	sequencing assay	ERX454800	cell48_1.fastq.gz	cell48_1.fastq.gz	ERR489019	ftp://ftp.sra.ebi.ac.uk/vol1/fastq/ERR489/ERR489019/ERR489019_1.fastq.gz	c89c67914a82551ed902383b6b04f589	  	150	76	Cell 48
Cell 48	ERS444215	cell	Mus musculus	cell from 6-week-old mouse, day 4.5 in vitro Th2 differentiation	Il13 EGFP	male	fresh specimen	primary CD4+ spleenocyte	OK	P-MTAB-38837	P-MTAB-38838	P-MTAB-38839	Extract 48	PolyA RNA	PAIRED	TRANSCRIPTOMIC	RNA-Seq	RANDOM	5'-3'-5'-3'	1000	300	ERCC92.fa	P-MTAB-38840	Sanger	Cell 48	sequencing assay	ERX454800	cell48_2.fastq.gz	cell48_2.fastq.gz	ERR489019	ftp://ftp.sra.ebi.ac.uk/vol1/fastq/ERR489/ERR489019/ERR489019_2.fastq.gz	eee61b8b0f19973f181b8a02787f079d	  	150	76	Cell 48
Cell 49	ERS444152	cell	Mus musculus	cell from 6-week-old mouse, day 4.5 in vitro Th2 differentiation	Il13 EGFP	male	fresh specimen	primary CD4+ spleenocyte	OK	P-MTAB-38837	P-MTAB-38838	P-MTAB-38839	Extract 49	PolyA RNA	PAIRED	TRANSCRIPTOMIC	RNA-Seq	RANDOM	5'-3'-5'-3'	1000	300	ERCC92.fa	P-MTAB-38840	Sanger	Cell 49	sequencing assay	ERX454737	cell49_1.fastq.gz	cell49_1.fastq.gz	ERR489004	ftp://ftp.sra.ebi.ac.uk/vol1/fastq/ERR489/ERR489004/ERR489004_1.fastq.gz	35bc73198dbe8424c1182a23ef6b3542	  	150	76	Cell 49
Cell 49	ERS444152	cell	Mus musculus	cell from 6-week-old mouse, day 4.5 in vitro Th2 differentiation	Il13 EGFP	male	fresh specimen	primary CD4+ spleenocyte	OK	P-MTAB-38837	P-MTAB-38838	P-MTAB-38839	Extract 49	PolyA RNA	PAIRED	TRANSCRIPTOMIC	RNA-Seq	RANDOM	5'-3'-5'-3'	1000	300	ERCC92.fa	P-MTAB-38840	Sanger	Cell 49	sequencing assay	ERX454737	cell49_2.fastq.gz	cell49_2.fastq.gz	ERR489004	ftp://ftp.sra.ebi.ac.uk/vol1/fastq/ERR489/ERR489004/ERR489004_2.fastq.gz	b88174c4ac6068bc81db21e4f715cac7	  	150	76	Cell 49
Cell 50	ERS444156	cell	Mus musculus	cell from 6-week-old mouse, day 4.5 in vitro Th2 differentiation	Il13 EGFP	male	fresh specimen	primary CD4+ spleenocyte	OK	P-MTAB-38837	P-MTAB-38838	P-MTAB-38839	Extract 50	PolyA RNA	PAIRED	TRANSCRIPTOMIC	RNA-Seq	RANDOM	5'-3'-5'-3'	1000	300	ERCC92.fa	P-MTAB-38840	Sanger	Cell 50	sequencing assay	ERX454741	cell50_1.fastq.gz	cell50_1.fastq.gz	ERR489001	ftp://ftp.sra.ebi.ac.uk/vol1/fastq/ERR489/ERR489001/ERR489001_1.fastq.gz	6c4cfcd6642a54cc32ba96a54c14589c	  	150	76	Cell 50
Cell 50	ERS444156	cell	Mus musculus	cell from 6-week-old mouse, day 4.5 in vitro Th2 differentiation	Il13 EGFP	male	fresh specimen	primary CD4+ spleenocyte	OK	P-MTAB-38837	P-MTAB-38838	P-MTAB-38839	Extract 50	PolyA RNA	PAIRED	TRANSCRIPTOMIC	RNA-Seq	RANDOM	5'-3'-5'-3'	1000	300	ERCC92.fa	P-MTAB-38840	Sanger	Cell 50	sequencing assay	ERX454741	cell50_2.fastq.gz	cell50_2.fastq.gz	ERR489001	ftp://ftp.sra.ebi.ac.uk/vol1/fastq/ERR489/ERR489001/ERR489001_2.fastq.gz	037d8b675b85b2863956ac7d5685279d	  	150	76	Cell 50
Cell 51	ERS444129	cell	Mus musculus	cell from 6-week-old mouse, day 4.5 in vitro Th2 differentiation	Il13 EGFP	male	fresh specimen	primary CD4+ spleenocyte	OK	P-MTAB-38837	P-MTAB-38838	P-MTAB-38839	Extract 51	PolyA RNA	PAIRED	TRANSCRIPTOMIC	RNA-Seq	RANDOM	5'-3'-5'-3'	1000	300	ERCC92.fa	P-MTAB-38840	Sanger	Cell 51	sequencing assay	ERX454714	cell51_1.fastq.gz	cell51_1.fastq.gz	ERR489018	ftp://ftp.sra.ebi.ac.uk/vol1/fastq/ERR489/ERR489018/ERR489018_1.fastq.gz	4feca7daa9c8ac80d05cd234de821fe2	  	150	76	Cell 51
Cell 51	ERS444129	cell	Mus musculus	cell from 6-week-old mouse, day 4.5 in vitro Th2 differentiation	Il13 EGFP	male	fresh specimen	primary CD4+ spleenocyte	OK	P-MTAB-38837	P-MTAB-38838	P-MTAB-38839	Extract 51	PolyA RNA	PAIRED	TRANSCRIPTOMIC	RNA-Seq	RANDOM	5'-3'-5'-3'	1000	300	ERCC92.fa	P-MTAB-38840	Sanger	Cell 51	sequencing assay	ERX454714	cell51_2.fastq.gz	cell51_2.fastq.gz	ERR489018	ftp://ftp.sra.ebi.ac.uk/vol1/fastq/ERR489/ERR489018/ERR489018_2.fastq.gz	6625adea5760fae8c1d8eabc9fdfb9d7	  	150	76	Cell 51
Cell 52	ERS444140	cell	Mus musculus	cell from 6-week-old mouse, day 4.5 in vitro Th2 differentiation	Il13 EGFP	male	fresh specimen	primary CD4+ spleenocyte	OK	P-MTAB-38837	P-MTAB-38838	P-MTAB-38839	Extract 52	PolyA RNA	PAIRED	TRANSCRIPTOMIC	RNA-Seq	RANDOM	5'-3'-5'-3'	1000	300	ERCC92.fa	P-MTAB-38840	Sanger	Cell 52	sequencing assay	ERX454725	cell52_1.fastq.gz	cell52_1.fastq.gz	ERR489020	ftp://ftp.sra.ebi.ac.uk/vol1/fastq/ERR489/ERR489020/ERR489020_1.fastq.gz	ffea7c0eb1a63bafe9f5711f32dc0a89	  	150	76	Cell 52
Cell 52	ERS444140	cell	Mus musculus	cell from 6-week-old mouse, day 4.5 in vitro Th2 differentiation	Il13 EGFP	male	fresh specimen	primary CD4+ spleenocyte	OK	P-MTAB-38837	P-MTAB-38838	P-MTAB-38839	Extract 52	PolyA RNA	PAIRED	TRANSCRIPTOMIC	RNA-Seq	RANDOM	5'-3'-5'-3'	1000	300	ERCC92.fa	P-MTAB-38840	Sanger	Cell 52	sequencing assay	ERX454725	cell52_2.fastq.gz	cell52_2.fastq.gz	ERR489020	ftp://ftp.sra.ebi.ac.uk/vol1/fastq/ERR489/ERR489020/ERR489020_2.fastq.gz	b0a06fbe691785d39017ceca1f452a80	  	150	76	Cell 52
Cell 53	ERS444142	cell	Mus musculus	cell from 6-week-old mouse, day 4.5 in vitro Th2 differentiation	Il13 EGFP	male	fresh specimen	primary CD4+ spleenocyte	OK	P-MTAB-38837	P-MTAB-38838	P-MTAB-38839	Extract 53	PolyA RNA	PAIRED	TRANSCRIPTOMIC	RNA-Seq	RANDOM	5'-3'-5'-3'	1000	300	ERCC92.fa	P-MTAB-38840	Sanger	Cell 53	sequencing assay	ERX454727	cell53_1.fastq.gz	cell53_1.fastq.gz	ERR488988	ftp://ftp.sra.ebi.ac.uk/vol1/fastq/ERR488/ERR488988/ERR488988_1.fastq.gz	ae947096bb35813a71f4a66ad98583f3	  	150	76	Cell 53
Cell 53	ERS444142	cell	Mus musculus	cell from 6-week-old mouse, day 4.5 in vitro Th2 differentiation	Il13 EGFP	male	fresh specimen	primary CD4+ spleenocyte	OK	P-MTAB-38837	P-MTAB-38838	P-MTAB-38839	Extract 53	PolyA RNA	PAIRED	TRANSCRIPTOMIC	RNA-Seq	RANDOM	5'-3'-5'-3'	1000	300	ERCC92.fa	P-MTAB-38840	Sanger	Cell 53	sequencing assay	ERX454727	cell53_2.fastq.gz	cell53_2.fastq.gz	ERR488988	ftp://ftp.sra.ebi.ac.uk/vol1/fastq/ERR488/ERR488988/ERR488988_2.fastq.gz	c669aa17a4c6eca9ceecdefdc71d2754	  	150	76	Cell 53
Cell 54	ERS444128	cell	Mus musculus	cell from 6-week-old mouse, day 4.5 in vitro Th2 differentiation	Il13 EGFP	male	fresh specimen	primary CD4+ spleenocyte	OK	P-MTAB-38837	P-MTAB-38838	P-MTAB-38839	Extract 54	PolyA RNA	PAIRED	TRANSCRIPTOMIC	RNA-Seq	RANDOM	5'-3'-5'-3'	1000	300	ERCC92.fa	P-MTAB-38840	Sanger	Cell 54	sequencing assay	ERX454713	cell54_1.fastq.gz	cell54_1.fastq.gz	ERR489026	ftp://ftp.sra.ebi.ac.uk/vol1/fastq/ERR489/ERR489026/ERR489026_1.fastq.gz	e20a2ee0a662ca2beb6e660dbd4d82db	  	150	76	Cell 54
Cell 54	ERS444128	cell	Mus musculus	cell from 6-week-old mouse, day 4.5 in vitro Th2 differentiation	Il13 EGFP	male	fresh specimen	primary CD4+ spleenocyte	OK	P-MTAB-38837	P-MTAB-38838	P-MTAB-38839	Extract 54	PolyA RNA	PAIRED	TRANSCRIPTOMIC	RNA-Seq	RANDOM	5'-3'-5'-3'	1000	300	ERCC92.fa	P-MTAB-38840	Sanger	Cell 54	sequencing assay	ERX454713	cell54_2.fastq.gz	cell54_2.fastq.gz	ERR489026	ftp://ftp.sra.ebi.ac.uk/vol1/fastq/ERR489/ERR489026/ERR489026_2.fastq.gz	fa792d4fe354f95f863b7a11982c4797	  	150	76	Cell 54
Cell 55	ERS444163	cell	Mus musculus	cell from 6-week-old mouse, day 4.5 in vitro Th2 differentiation	Il13 EGFP	male	fresh specimen	primary CD4+ spleenocyte	OK	P-MTAB-38837	P-MTAB-38838	P-MTAB-38839	Extract 55	PolyA RNA	PAIRED	TRANSCRIPTOMIC	RNA-Seq	RANDOM	5'-3'-5'-3'	1000	300	ERCC92.fa	P-MTAB-38840	Sanger	Cell 55	sequencing assay	ERX454748	cell55_1.fastq.gz	cell55_1.fastq.gz	ERR489038	ftp://ftp.sra.ebi.ac.uk/vol1/fastq/ERR489/ERR489038/ERR489038_1.fastq.gz	0a7971faa71c97ffa87f255eee5dbd6c	  	150	76	Cell 55
Cell 55	ERS444163	cell	Mus musculus	cell from 6-week-old mouse, day 4.5 in vitro Th2 differentiation	Il13 EGFP	male	fresh specimen	primary CD4+ spleenocyte	OK	P-MTAB-38837	P-MTAB-38838	P-MTAB-38839	Extract 55	PolyA RNA	PAIRED	TRANSCRIPTOMIC	RNA-Seq	RANDOM	5'-3'-5'-3'	1000	300	ERCC92.fa	P-MTAB-38840	Sanger	Cell 55	sequencing assay	ERX454748	cell55_2.fastq.gz	cell55_2.fastq.gz	ERR489038	ftp://ftp.sra.ebi.ac.uk/vol1/fastq/ERR489/ERR489038/ERR489038_2.fastq.gz	6091816f0d85387d6854dd9faa459b67	  	150	76	Cell 55
Cell 56	ERS444186	cell	Mus musculus	cell from 6-week-old mouse, day 4.5 in vitro Th2 differentiation	Il13 EGFP	male	fresh specimen	primary CD4+ spleenocyte	OK	P-MTAB-38837	P-MTAB-38838	P-MTAB-38839	Extract 56	PolyA RNA	PAIRED	TRANSCRIPTOMIC	RNA-Seq	RANDOM	5'-3'-5'-3'	1000	300	ERCC92.fa	P-MTAB-38840	Sanger	Cell 56	sequencing assay	ERX454771	cell56_1.fastq.gz	cell56_1.fastq.gz	ERR488980	ftp://ftp.sra.ebi.ac.uk/vol1/fastq/ERR488/ERR488980/ERR488980_1.fastq.gz	337bea794b2a0dcb92cf292a9137d4e3	  	150	76	Cell 56
Cell 56	ERS444186	cell	Mus musculus	cell from 6-week-old mouse, day 4.5 in vitro Th2 differentiation	Il13 EGFP	male	fresh specimen	primary CD4+ spleenocyte	OK	P-MTAB-38837	P-MTAB-38838	P-MTAB-38839	Extract 56	PolyA RNA	PAIRED	TRANSCRIPTOMIC	RNA-Seq	RANDOM	5'-3'-5'-3'	1000	300	ERCC92.fa	P-MTAB-38840	Sanger	Cell 56	sequencing assay	ERX454771	cell56_2.fastq.gz	cell56_2.fastq.gz	ERR488980	ftp://ftp.sra.ebi.ac.uk/vol1/fastq/ERR488/ERR488980/ERR488980_2.fastq.gz	93b33994287e7131ca7bf72247c33f78	  	150	76	Cell 56
Cell 57	ERS444193	cell	Mus musculus	cell from 6-week-old mouse, day 4.5 in vitro Th2 differentiation	Il13 EGFP	male	fresh specimen	primary CD4+ spleenocyte	OK	P-MTAB-38837	P-MTAB-38838	P-MTAB-38839	Extract 57	PolyA RNA	PAIRED	TRANSCRIPTOMIC	RNA-Seq	RANDOM	5'-3'-5'-3'	1000	300	ERCC92.fa	P-MTAB-38840	Sanger	Cell 57	sequencing assay	ERX454778	cell57_1.fastq.gz	cell57_1.fastq.gz	ERR489011	ftp://ftp.sra.ebi.ac.uk/vol1/fastq/ERR489/ERR489011/ERR489011_1.fastq.gz	390e2da88731191207eba289cf2f7920	  	150	76	Cell 57
Cell 57	ERS444193	cell	Mus musculus	cell from 6-week-old mouse, day 4.5 in vitro Th2 differentiation	Il13 EGFP	male	fresh specimen	primary CD4+ spleenocyte	OK	P-MTAB-38837	P-MTAB-38838	P-MTAB-38839	Extract 57	PolyA RNA	PAIRED	TRANSCRIPTOMIC	RNA-Seq	RANDOM	5'-3'-5'-3'	1000	300	ERCC92.fa	P-MTAB-38840	Sanger	Cell 57	sequencing assay	ERX454778	cell57_2.fastq.gz	cell57_2.fastq.gz	ERR489011	ftp://ftp.sra.ebi.ac.uk/vol1/fastq/ERR489/ERR489011/ERR489011_2.fastq.gz	595de410d4e87e98ec25eaed5917bc7e	  	150	76	Cell 57
Cell 58	ERS444138	cell	Mus musculus	cell from 6-week-old mouse, day 4.5 in vitro Th2 differentiation	Il13 EGFP	male	fresh specimen	primary CD4+ spleenocyte	OK	P-MTAB-38837	P-MTAB-38838	P-MTAB-38839	Extract 58	PolyA RNA	PAIRED	TRANSCRIPTOMIC	RNA-Seq	RANDOM	5'-3'-5'-3'	1000	300	ERCC92.fa	P-MTAB-38840	Sanger	Cell 58	sequencing assay	ERX454723	cell58_1.fastq.gz	cell58_1.fastq.gz	ERR489047	ftp://ftp.sra.ebi.ac.uk/vol1/fastq/ERR489/ERR489047/ERR489047_1.fastq.gz	6ec170a245afc7fab4707ed37309ea7f	  	150	76	Cell 58
Cell 58	ERS444138	cell	Mus musculus	cell from 6-week-old mouse, day 4.5 in vitro Th2 differentiation	Il13 EGFP	male	fresh specimen	primary CD4+ spleenocyte	OK	P-MTAB-38837	P-MTAB-38838	P-MTAB-38839	Extract 58	PolyA RNA	PAIRED	TRANSCRIPTOMIC	RNA-Seq	RANDOM	5'-3'-5'-3'	1000	300	ERCC92.fa	P-MTAB-38840	Sanger	Cell 58	sequencing assay	ERX454723	cell58_2.fastq.gz	cell58_2.fastq.gz	ERR489047	ftp://ftp.sra.ebi.ac.uk/vol1/fastq/ERR489/ERR489047/ERR489047_2.fastq.gz	8a7de1d0d3c08dddf81d05560793256a	  	150	76	Cell 58
Cell 59	ERS444145	cell	Mus musculus	cell from 6-week-old mouse, day 4.5 in vitro Th2 differentiation	Il13 EGFP	male	fresh specimen	primary CD4+ spleenocyte	OK	P-MTAB-38837	P-MTAB-38838	P-MTAB-38839	Extract 59	PolyA RNA	PAIRED	TRANSCRIPTOMIC	RNA-Seq	RANDOM	5'-3'-5'-3'	1000	300	ERCC92.fa	P-MTAB-38840	Sanger	Cell 59	sequencing assay	ERX454730	cell59_1.fastq.gz	cell59_1.fastq.gz	ERR488977	ftp://ftp.sra.ebi.ac.uk/vol1/fastq/ERR488/ERR488977/ERR488977_1.fastq.gz	841f93f330005667a434bc1dc1d34da0	  	150	76	Cell 59
Cell 59	ERS444145	cell	Mus musculus	cell from 6-week-old mouse, day 4.5 in vitro Th2 differentiation	Il13 EGFP	male	fresh specimen	primary CD4+ spleenocyte	OK	P-MTAB-38837	P-MTAB-38838	P-MTAB-38839	Extract 59	PolyA RNA	PAIRED	TRANSCRIPTOMIC	RNA-Seq	RANDOM	5'-3'-5'-3'	1000	300	ERCC92.fa	P-MTAB-38840	Sanger	Cell 59	sequencing assay	ERX454730	cell59_2.fastq.gz	cell59_2.fastq.gz	ERR488977	ftp://ftp.sra.ebi.ac.uk/vol1/fastq/ERR488/ERR488977/ERR488977_2.fastq.gz	9447087ce5f548ea13d335e629e2ca09	  	150	76	Cell 59
Cell 60	ERS444141	cell	Mus musculus	cell from 6-week-old mouse, day 4.5 in vitro Th2 differentiation	Il13 EGFP	male	fresh specimen	primary CD4+ spleenocyte	OK	P-MTAB-38837	P-MTAB-38838	P-MTAB-38839	Extract 60	PolyA RNA	PAIRED	TRANSCRIPTOMIC	RNA-Seq	RANDOM	5'-3'-5'-3'	1000	300	ERCC92.fa	P-MTAB-38840	Sanger	Cell 60	sequencing assay	ERX454726	cell60_1.fastq.gz	cell60_1.fastq.gz	ERR489027	ftp://ftp.sra.ebi.ac.uk/vol1/fastq/ERR489/ERR489027/ERR489027_1.fastq.gz	e1d8f3dbaa55b463b7a04f5d8f13c29a	  	150	76	Cell 60
Cell 60	ERS444141	cell	Mus musculus	cell from 6-week-old mouse, day 4.5 in vitro Th2 differentiation	Il13 EGFP	male	fresh specimen	primary CD4+ spleenocyte	OK	P-MTAB-38837	P-MTAB-38838	P-MTAB-38839	Extract 60	PolyA RNA	PAIRED	TRANSCRIPTOMIC	RNA-Seq	RANDOM	5'-3'-5'-3'	1000	300	ERCC92.fa	P-MTAB-38840	Sanger	Cell 60	sequencing assay	ERX454726	cell60_2.fastq.gz	cell60_2.fastq.gz	ERR489027	ftp://ftp.sra.ebi.ac.uk/vol1/fastq/ERR489/ERR489027/ERR489027_2.fastq.gz	eee1558eff699b8771f7ff6af927f834	  	150	76	Cell 60
Cell 61	ERS444217	cell	Mus musculus	cell from 6-week-old mouse, day 4.5 in vitro Th2 differentiation	Il13 EGFP	male	fresh specimen	primary CD4+ spleenocyte	OK	P-MTAB-38837	P-MTAB-38838	P-MTAB-38839	Extract 61	PolyA RNA	PAIRED	TRANSCRIPTOMIC	RNA-Seq	RANDOM	5'-3'-5'-3'	1000	300	ERCC92.fa	P-MTAB-38840	Sanger	Cell 61	sequencing assay	ERX454802	cell61_1.fastq.gz	cell61_1.fastq.gz	ERR489040	ftp://ftp.sra.ebi.ac.uk/vol1/fastq/ERR489/ERR489040/ERR489040_1.fastq.gz	6938b0acbe03a23958e6c490469fc802	  	150	76	Cell 61
Cell 61	ERS444217	cell	Mus musculus	cell from 6-week-old mouse, day 4.5 in vitro Th2 differentiation	Il13 EGFP	male	fresh specimen	primary CD4+ spleenocyte	OK	P-MTAB-38837	P-MTAB-38838	P-MTAB-38839	Extract 61	PolyA RNA	PAIRED	TRANSCRIPTOMIC	RNA-Seq	RANDOM	5'-3'-5'-3'	1000	300	ERCC92.fa	P-MTAB-38840	Sanger	Cell 61	sequencing assay	ERX454802	cell61_2.fastq.gz	cell61_2.fastq.gz	ERR489040	ftp://ftp.sra.ebi.ac.uk/vol1/fastq/ERR489/ERR489040/ERR489040_2.fastq.gz	80cb357821118d09671f7104a51d2660	  	150	76	Cell 61
Cell 62	ERS444206	cell	Mus musculus	cell from 6-week-old mouse, day 4.5 in vitro Th2 differentiation	Il13 EGFP	male	fresh specimen	primary CD4+ spleenocyte	OK	P-MTAB-38837	P-MTAB-38838	P-MTAB-38839	Extract 62	PolyA RNA	PAIRED	TRANSCRIPTOMIC	RNA-Seq	RANDOM	5'-3'-5'-3'	1000	300	ERCC92.fa	P-MTAB-38840	Sanger	Cell 62	sequencing assay	ERX454791	cell62_1.fastq.gz	cell62_1.fastq.gz	ERR488965	ftp://ftp.sra.ebi.ac.uk/vol1/fastq/ERR488/ERR488965/ERR488965_1.fastq.gz	c317791f841d364f44ebb6416d37d8ff	  	150	76	Cell 62
Cell 62	ERS444206	cell	Mus musculus	cell from 6-week-old mouse, day 4.5 in vitro Th2 differentiation	Il13 EGFP	male	fresh specimen	primary CD4+ spleenocyte	OK	P-MTAB-38837	P-MTAB-38838	P-MTAB-38839	Extract 62	PolyA RNA	PAIRED	TRANSCRIPTOMIC	RNA-Seq	RANDOM	5'-3'-5'-3'	1000	300	ERCC92.fa	P-MTAB-38840	Sanger	Cell 62	sequencing assay	ERX454791	cell62_2.fastq.gz	cell62_2.fastq.gz	ERR488965	ftp://ftp.sra.ebi.ac.uk/vol1/fastq/ERR488/ERR488965/ERR488965_2.fastq.gz	833cb1d02ffff894c22e22e971005042	  	150	76	Cell 62
Cell 63	ERS444146	cell	Mus musculus	cell from 6-week-old mouse, day 4.5 in vitro Th2 differentiation	Il13 EGFP	male	fresh specimen	primary CD4+ spleenocyte	OK	P-MTAB-38837	P-MTAB-38838	P-MTAB-38839	Extract 63	PolyA RNA	PAIRED	TRANSCRIPTOMIC	RNA-Seq	RANDOM	5'-3'-5'-3'	1000	300	ERCC92.fa	P-MTAB-38840	Sanger	Cell 63	sequencing assay	ERX454731	cell63_1.fastq.gz	cell63_1.fastq.gz	ERR489028	ftp://ftp.sra.ebi.ac.uk/vol1/fastq/ERR489/ERR489028/ERR489028_1.fastq.gz	5d639c56a5b3148e3aac1c9ca1edba8f	  	150	76	Cell 63
Cell 63	ERS444146	cell	Mus musculus	cell from 6-week-old mouse, day 4.5 in vitro Th2 differentiation	Il13 EGFP	male	fresh specimen	primary CD4+ spleenocyte	OK	P-MTAB-38837	P-MTAB-38838	P-MTAB-38839	Extract 63	PolyA RNA	PAIRED	TRANSCRIPTOMIC	RNA-Seq	RANDOM	5'-3'-5'-3'	1000	300	ERCC92.fa	P-MTAB-38840	Sanger	Cell 63	sequencing assay	ERX454731	cell63_2.fastq.gz	cell63_2.fastq.gz	ERR489028	ftp://ftp.sra.ebi.ac.uk/vol1/fastq/ERR489/ERR489028/ERR489028_2.fastq.gz	f40130fa0d8706627d32212844721276	  	150	76	Cell 63
Cell 64	ERS444131	cell	Mus musculus	cell from 6-week-old mouse, day 4.5 in vitro Th2 differentiation	Il13 EGFP	male	fresh specimen	primary CD4+ spleenocyte	OK	P-MTAB-38837	P-MTAB-38838	P-MTAB-38839	Extract 64	PolyA RNA	PAIRED	TRANSCRIPTOMIC	RNA-Seq	RANDOM	5'-3'-5'-3'	1000	300	ERCC92.fa	P-MTAB-38840	Sanger	Cell 64	sequencing assay	ERX454716	cell64_1.fastq.gz	cell64_1.fastq.gz	ERR488957	ftp://ftp.sra.ebi.ac.uk/vol1/fastq/ERR488/ERR488957/ERR488957_1.fastq.gz	9dffa907c41f02daeab7200d0af2183b	  	150	76	Cell 64
Cell 64	ERS444131	cell	Mus musculus	cell from 6-week-old mouse, day 4.5 in vitro Th2 differentiation	Il13 EGFP	male	fresh specimen	primary CD4+ spleenocyte	OK	P-MTAB-38837	P-MTAB-38838	P-MTAB-38839	Extract 64	PolyA RNA	PAIRED	TRANSCRIPTOMIC	RNA-Seq	RANDOM	5'-3'-5'-3'	1000	300	ERCC92.fa	P-MTAB-38840	Sanger	Cell 64	sequencing assay	ERX454716	cell64_2.fastq.gz	cell64_2.fastq.gz	ERR488957	ftp://ftp.sra.ebi.ac.uk/vol1/fastq/ERR488/ERR488957/ERR488957_2.fastq.gz	652def093c8cb6398e3724a679ab81cc	  	150	76	Cell 64
Cell 65	ERS444176	cell	Mus musculus	cell from 6-week-old mouse, day 4.5 in vitro Th2 differentiation	Il13 EGFP	male	fresh specimen	primary CD4+ spleenocyte	OK	P-MTAB-38837	P-MTAB-38838	P-MTAB-38839	Extract 65	PolyA RNA	PAIRED	TRANSCRIPTOMIC	RNA-Seq	RANDOM	5'-3'-5'-3'	1000	300	ERCC92.fa	P-MTAB-38840	Sanger	Cell 65	sequencing assay	ERX454761	cell65_1.fastq.gz	cell65_1.fastq.gz	ERR489031	ftp://ftp.sra.ebi.ac.uk/vol1/fastq/ERR489/ERR489031/ERR489031_1.fastq.gz	ca2e34a3df771421196d7a05324dd11a	  	150	76	Cell 65
Cell 65	ERS444176	cell	Mus musculus	cell from 6-week-old mouse, day 4.5 in vitro Th2 differentiation	Il13 EGFP	male	fresh specimen	primary CD4+ spleenocyte	OK	P-MTAB-38837	P-MTAB-38838	P-MTAB-38839	Extract 65	PolyA RNA	PAIRED	TRANSCRIPTOMIC	RNA-Seq	RANDOM	5'-3'-5'-3'	1000	300	ERCC92.fa	P-MTAB-38840	Sanger	Cell 65	sequencing assay	ERX454761	cell65_2.fastq.gz	cell65_2.fastq.gz	ERR489031	ftp://ftp.sra.ebi.ac.uk/vol1/fastq/ERR489/ERR489031/ERR489031_2.fastq.gz	5dc89177b1021641021cf4ce358526d0	  	150	76	Cell 65
Cell 66	ERS444173	cell	Mus musculus	cell from 6-week-old mouse, day 4.5 in vitro Th2 differentiation	Il13 EGFP	male	fresh specimen	primary CD4+ spleenocyte	OK	P-MTAB-38837	P-MTAB-38838	P-MTAB-38839	Extract 66	PolyA RNA	PAIRED	TRANSCRIPTOMIC	RNA-Seq	RANDOM	5'-3'-5'-3'	1000	300	ERCC92.fa	P-MTAB-38840	Sanger	Cell 66	sequencing assay	ERX454758	cell66_1.fastq.gz	cell66_1.fastq.gz	ERR488956	ftp://ftp.sra.ebi.ac.uk/vol1/fastq/ERR488/ERR488956/ERR488956_1.fastq.gz	99560d60e239190e636dc6f45e91c29e	  	150	76	Cell 66
Cell 66	ERS444173	cell	Mus musculus	cell from 6-week-old mouse, day 4.5 in vitro Th2 differentiation	Il13 EGFP	male	fresh specimen	primary CD4+ spleenocyte	OK	P-MTAB-38837	P-MTAB-38838	P-MTAB-38839	Extract 66	PolyA RNA	PAIRED	TRANSCRIPTOMIC	RNA-Seq	RANDOM	5'-3'-5'-3'	1000	300	ERCC92.fa	P-MTAB-38840	Sanger	Cell 66	sequencing assay	ERX454758	cell66_2.fastq.gz	cell66_2.fastq.gz	ERR488956	ftp://ftp.sra.ebi.ac.uk/vol1/fastq/ERR488/ERR488956/ERR488956_2.fastq.gz	809b5d2805823eb524c48f742f70261e	  	150	76	Cell 66
Cell 67	ERS444166	cell	Mus musculus	cell from 6-week-old mouse, day 4.5 in vitro Th2 differentiation	Il13 EGFP	male	fresh specimen	primary CD4+ spleenocyte	OK	P-MTAB-38837	P-MTAB-38838	P-MTAB-38839	Extract 67	PolyA RNA	PAIRED	TRANSCRIPTOMIC	RNA-Seq	RANDOM	5'-3'-5'-3'	1000	300	ERCC92.fa	P-MTAB-38840	Sanger	Cell 67	sequencing assay	ERX454751	cell67_1.fastq.gz	cell67_1.fastq.gz	ERR488953	ftp://ftp.sra.ebi.ac.uk/vol1/fastq/ERR488/ERR488953/ERR488953_1.fastq.gz	575505aef3a2d2abb453f834b749fe6d	  	150	76	Cell 67
Cell 67	ERS444166	cell	Mus musculus	cell from 6-week-old mouse, day 4.5 in vitro Th2 differentiation	Il13 EGFP	male	fresh specimen	primary CD4+ spleenocyte	OK	P-MTAB-38837	P-MTAB-38838	P-MTAB-38839	Extract 67	PolyA RNA	PAIRED	TRANSCRIPTOMIC	RNA-Seq	RANDOM	5'-3'-5'-3'	1000	300	ERCC92.fa	P-MTAB-38840	Sanger	Cell 67	sequencing assay	ERX454751	cell67_2.fastq.gz	cell67_2.fastq.gz	ERR488953	ftp://ftp.sra.ebi.ac.uk/vol1/fastq/ERR488/ERR488953/ERR488953_2.fastq.gz	8ccfc56f0af46435ecd6ae17491e3906	  	150	76	Cell 67
Cell 68	ERS444159	cell	Mus musculus	cell from 6-week-old mouse, day 4.5 in vitro Th2 differentiation	Il13 EGFP	male	fresh specimen	primary CD4+ spleenocyte	OK	P-MTAB-38837	P-MTAB-38838	P-MTAB-38839	Extract 68	PolyA RNA	PAIRED	TRANSCRIPTOMIC	RNA-Seq	RANDOM	5'-3'-5'-3'	1000	300	ERCC92.fa	P-MTAB-38840	Sanger	Cell 68	sequencing assay	ERX454744	cell68_1.fastq.gz	cell68_1.fastq.gz	ERR489021	ftp://ftp.sra.ebi.ac.uk/vol1/fastq/ERR489/ERR489021/ERR489021_1.fastq.gz	209a49f513c8f9ed72d36e9fdc298b0c	  	150	76	Cell 68
Cell 68	ERS444159	cell	Mus musculus	cell from 6-week-old mouse, day 4.5 in vitro Th2 differentiation	Il13 EGFP	male	fresh specimen	primary CD4+ spleenocyte	OK	P-MTAB-38837	P-MTAB-38838	P-MTAB-38839	Extract 68	PolyA RNA	PAIRED	TRANSCRIPTOMIC	RNA-Seq	RANDOM	5'-3'-5'-3'	1000	300	ERCC92.fa	P-MTAB-38840	Sanger	Cell 68	sequencing assay	ERX454744	cell68_2.fastq.gz	cell68_2.fastq.gz	ERR489021	ftp://ftp.sra.ebi.ac.uk/vol1/fastq/ERR489/ERR489021/ERR489021_2.fastq.gz	834fa60f2b1dc81201b8b4944fad504d	  	150	76	Cell 68
Cell 69	ERS444136	cell	Mus musculus	cell from 6-week-old mouse, day 4.5 in vitro Th2 differentiation	Il13 EGFP	male	fresh specimen	primary CD4+ spleenocyte	OK	P-MTAB-38837	P-MTAB-38838	P-MTAB-38839	Extract 69	PolyA RNA	PAIRED	TRANSCRIPTOMIC	RNA-Seq	RANDOM	5'-3'-5'-3'	1000	300	ERCC92.fa	P-MTAB-38840	Sanger	Cell 69	sequencing assay	ERX454721	cell69_1.fastq.gz	cell69_1.fastq.gz	ERR488970	ftp://ftp.sra.ebi.ac.uk/vol1/fastq/ERR488/ERR488970/ERR488970_1.fastq.gz	1ca4cc2759c77c269f362fa5c36c8a96	  	150	76	Cell 69
Cell 69	ERS444136	cell	Mus musculus	cell from 6-week-old mouse, day 4.5 in vitro Th2 differentiation	Il13 EGFP	male	fresh specimen	primary CD4+ spleenocyte	OK	P-MTAB-38837	P-MTAB-38838	P-MTAB-38839	Extract 69	PolyA RNA	PAIRED	TRANSCRIPTOMIC	RNA-Seq	RANDOM	5'-3'-5'-3'	1000	300	ERCC92.fa	P-MTAB-38840	Sanger	Cell 69	sequencing assay	ERX454721	cell69_2.fastq.gz	cell69_2.fastq.gz	ERR488970	ftp://ftp.sra.ebi.ac.uk/vol1/fastq/ERR488/ERR488970/ERR488970_2.fastq.gz	ecb49fedf84a1e99d432b0ed9ad86a59	  	150	76	Cell 69
Cell 70	ERS444175	cell	Mus musculus	cell from 6-week-old mouse, day 4.5 in vitro Th2 differentiation	Il13 EGFP	male	fresh specimen	primary CD4+ spleenocyte	OK	P-MTAB-38837	P-MTAB-38838	P-MTAB-38839	Extract 70	PolyA RNA	PAIRED	TRANSCRIPTOMIC	RNA-Seq	RANDOM	5'-3'-5'-3'	1000	300	ERCC92.fa	P-MTAB-38840	Sanger	Cell 70	sequencing assay	ERX454760	cell70_1.fastq.gz	cell70_1.fastq.gz	ERR488989	ftp://ftp.sra.ebi.ac.uk/vol1/fastq/ERR488/ERR488989/ERR488989_1.fastq.gz	7c497b5062701a5e89d1c1fb74af25e8	  	150	76	Cell 70
Cell 70	ERS444175	cell	Mus musculus	cell from 6-week-old mouse, day 4.5 in vitro Th2 differentiation	Il13 EGFP	male	fresh specimen	primary CD4+ spleenocyte	OK	P-MTAB-38837	P-MTAB-38838	P-MTAB-38839	Extract 70	PolyA RNA	PAIRED	TRANSCRIPTOMIC	RNA-Seq	RANDOM	5'-3'-5'-3'	1000	300	ERCC92.fa	P-MTAB-38840	Sanger	Cell 70	sequencing assay	ERX454760	cell70_2.fastq.gz	cell70_2.fastq.gz	ERR488989	ftp://ftp.sra.ebi.ac.uk/vol1/fastq/ERR488/ERR488989/ERR488989_2.fastq.gz	df677b579816332ca0b20f3ab9a18f60	  	150	76	Cell 70
Cell 71	ERS444162	cell	Mus musculus	cell from 6-week-old mouse, day 4.5 in vitro Th2 differentiation	Il13 EGFP	male	fresh specimen	primary CD4+ spleenocyte	OK	P-MTAB-38837	P-MTAB-38838	P-MTAB-38839	Extract 71	PolyA RNA	PAIRED	TRANSCRIPTOMIC	RNA-Seq	RANDOM	5'-3'-5'-3'	1000	300	ERCC92.fa	P-MTAB-38840	Sanger	Cell 71	sequencing assay	ERX454747	cell71_1.fastq.gz	cell71_1.fastq.gz	ERR488985	ftp://ftp.sra.ebi.ac.uk/vol1/fastq/ERR488/ERR488985/ERR488985_1.fastq.gz	6bee3342a3a60b5adcd03277ce5f76c0	  	150	76	Cell 71
Cell 71	ERS444162	cell	Mus musculus	cell from 6-week-old mouse, day 4.5 in vitro Th2 differentiation	Il13 EGFP	male	fresh specimen	primary CD4+ spleenocyte	OK	P-MTAB-38837	P-MTAB-38838	P-MTAB-38839	Extract 71	PolyA RNA	PAIRED	TRANSCRIPTOMIC	RNA-Seq	RANDOM	5'-3'-5'-3'	1000	300	ERCC92.fa	P-MTAB-38840	Sanger	Cell 71	sequencing assay	ERX454747	cell71_2.fastq.gz	cell71_2.fastq.gz	ERR488985	ftp://ftp.sra.ebi.ac.uk/vol1/fastq/ERR488/ERR488985/ERR488985_2.fastq.gz	f865f3dc88475358b16b29bd9356e67e	  	150	76	Cell 71
Cell 72	ERS444191	cell	Mus musculus	cell from 6-week-old mouse, day 4.5 in vitro Th2 differentiation	Il13 EGFP	male	fresh specimen	primary CD4+ spleenocyte	OK	P-MTAB-38837	P-MTAB-38838	P-MTAB-38839	Extract 72	PolyA RNA	PAIRED	TRANSCRIPTOMIC	RNA-Seq	RANDOM	5'-3'-5'-3'	1000	300	ERCC92.fa	P-MTAB-38840	Sanger	Cell 72	sequencing assay	ERX454776	cell72_1.fastq.gz	cell72_1.fastq.gz	ERR488999	ftp://ftp.sra.ebi.ac.uk/vol1/fastq/ERR488/ERR488999/ERR488999_1.fastq.gz	ac5c0765de10dd0a4647c44a804e270c	  	150	76	Cell 72
Cell 72	ERS444191	cell	Mus musculus	cell from 6-week-old mouse, day 4.5 in vitro Th2 differentiation	Il13 EGFP	male	fresh specimen	primary CD4+ spleenocyte	OK	P-MTAB-38837	P-MTAB-38838	P-MTAB-38839	Extract 72	PolyA RNA	PAIRED	TRANSCRIPTOMIC	RNA-Seq	RANDOM	5'-3'-5'-3'	1000	300	ERCC92.fa	P-MTAB-38840	Sanger	Cell 72	sequencing assay	ERX454776	cell72_2.fastq.gz	cell72_2.fastq.gz	ERR488999	ftp://ftp.sra.ebi.ac.uk/vol1/fastq/ERR488/ERR488999/ERR488999_2.fastq.gz	3d7e7227d38ee75ce92e3cc14d7c7ca1	  	150	76	Cell 72
Cell 73	ERS444168	cell	Mus musculus	cell from 6-week-old mouse, day 4.5 in vitro Th2 differentiation	Il13 EGFP	male	fresh specimen	primary CD4+ spleenocyte	OK	P-MTAB-38837	P-MTAB-38838	P-MTAB-38839	Extract 73	PolyA RNA	PAIRED	TRANSCRIPTOMIC	RNA-Seq	RANDOM	5'-3'-5'-3'	1000	300	ERCC92.fa	P-MTAB-38840	Sanger	Cell 73	sequencing assay	ERX454753	cell73_1.fastq.gz	cell73_1.fastq.gz	ERR489007	ftp://ftp.sra.ebi.ac.uk/vol1/fastq/ERR489/ERR489007/ERR489007_1.fastq.gz	abc353534e545c9bae016806b4ecd9cc	  	150	76	Cell 73
Cell 73	ERS444168	cell	Mus musculus	cell from 6-week-old mouse, day 4.5 in vitro Th2 differentiation	Il13 EGFP	male	fresh specimen	primary CD4+ spleenocyte	OK	P-MTAB-38837	P-MTAB-38838	P-MTAB-38839	Extract 73	PolyA RNA	PAIRED	TRANSCRIPTOMIC	RNA-Seq	RANDOM	5'-3'-5'-3'	1000	300	ERCC92.fa	P-MTAB-38840	Sanger	Cell 73	sequencing assay	ERX454753	cell73_2.fastq.gz	cell73_2.fastq.gz	ERR489007	ftp://ftp.sra.ebi.ac.uk/vol1/fastq/ERR489/ERR489007/ERR489007_2.fastq.gz	93665f6ccbdea49bd2ed343494b415a0	  	150	76	Cell 73
Cell 74	ERS444171	cell	Mus musculus	cell from 6-week-old mouse, day 4.5 in vitro Th2 differentiation	Il13 EGFP	male	fresh specimen	primary CD4+ spleenocyte	multiple cells	P-MTAB-38837	P-MTAB-38838	P-MTAB-38839	Extract 74	PolyA RNA	PAIRED	TRANSCRIPTOMIC	RNA-Seq	RANDOM	5'-3'-5'-3'	1000	300	ERCC92.fa	P-MTAB-38840	Sanger	Cell 74	sequencing assay	ERX454756	cell74_1.fastq.gz	cell74_1.fastq.gz	ERR489032	ftp://ftp.sra.ebi.ac.uk/vol1/fastq/ERR489/ERR489032/ERR489032_1.fastq.gz	8469e13412c456f8357d3b24549cc1f6	  	150	76	Cell 74
Cell 74	ERS444171	cell	Mus musculus	cell from 6-week-old mouse, day 4.5 in vitro Th2 differentiation	Il13 EGFP	male	fresh specimen	primary CD4+ spleenocyte	multiple cells	P-MTAB-38837	P-MTAB-38838	P-MTAB-38839	Extract 74	PolyA RNA	PAIRED	TRANSCRIPTOMIC	RNA-Seq	RANDOM	5'-3'-5'-3'	1000	300	ERCC92.fa	P-MTAB-38840	Sanger	Cell 74	sequencing assay	ERX454756	cell74_2.fastq.gz	cell74_2.fastq.gz	ERR489032	ftp://ftp.sra.ebi.ac.uk/vol1/fastq/ERR489/ERR489032/ERR489032_2.fastq.gz	6f4de44606de4371240d9fb1bbf2e632	  	150	76	Cell 74
Cell 75	ERS444134	cell	Mus musculus	cell from 6-week-old mouse, day 4.5 in vitro Th2 differentiation	Il13 EGFP	male	fresh specimen	primary CD4+ spleenocyte	OK	P-MTAB-38837	P-MTAB-38838	P-MTAB-38839	Extract 75	PolyA RNA	PAIRED	TRANSCRIPTOMIC	RNA-Seq	RANDOM	5'-3'-5'-3'	1000	300	ERCC92.fa	P-MTAB-38840	Sanger	Cell 75	sequencing assay	ERX454719	cell75_1.fastq.gz	cell75_1.fastq.gz	ERR489016	ftp://ftp.sra.ebi.ac.uk/vol1/fastq/ERR489/ERR489016/ERR489016_1.fastq.gz	1dc22c63e1b2ad7de7701cc79e0c61c2	  	150	76	Cell 75
Cell 75	ERS444134	cell	Mus musculus	cell from 6-week-old mouse, day 4.5 in vitro Th2 differentiation	Il13 EGFP	male	fresh specimen	primary CD4+ spleenocyte	OK	P-MTAB-38837	P-MTAB-38838	P-MTAB-38839	Extract 75	PolyA RNA	PAIRED	TRANSCRIPTOMIC	RNA-Seq	RANDOM	5'-3'-5'-3'	1000	300	ERCC92.fa	P-MTAB-38840	Sanger	Cell 75	sequencing assay	ERX454719	cell75_2.fastq.gz	cell75_2.fastq.gz	ERR489016	ftp://ftp.sra.ebi.ac.uk/vol1/fastq/ERR489/ERR489016/ERR489016_2.fastq.gz	06711d824ac560d8dc3801a5381ba308	  	150	76	Cell 75
Cell 76	ERS444153	cell	Mus musculus	cell from 6-week-old mouse, day 4.5 in vitro Th2 differentiation	Il13 EGFP	male	fresh specimen	primary CD4+ spleenocyte	OK	P-MTAB-38837	P-MTAB-38838	P-MTAB-38839	Extract 76	PolyA RNA	PAIRED	TRANSCRIPTOMIC	RNA-Seq	RANDOM	5'-3'-5'-3'	1000	300	ERCC92.fa	P-MTAB-38840	Sanger	Cell 76	sequencing assay	ERX454738	cell76_1.fastq.gz	cell76_1.fastq.gz	ERR488983	ftp://ftp.sra.ebi.ac.uk/vol1/fastq/ERR488/ERR488983/ERR488983_1.fastq.gz	ab4fe19011790ca16237567aafd4f4f7	  	150	76	Cell 76
Cell 76	ERS444153	cell	Mus musculus	cell from 6-week-old mouse, day 4.5 in vitro Th2 differentiation	Il13 EGFP	male	fresh specimen	primary CD4+ spleenocyte	OK	P-MTAB-38837	P-MTAB-38838	P-MTAB-38839	Extract 76	PolyA RNA	PAIRED	TRANSCRIPTOMIC	RNA-Seq	RANDOM	5'-3'-5'-3'	1000	300	ERCC92.fa	P-MTAB-38840	Sanger	Cell 76	sequencing assay	ERX454738	cell76_2.fastq.gz	cell76_2.fastq.gz	ERR488983	ftp://ftp.sra.ebi.ac.uk/vol1/fastq/ERR488/ERR488983/ERR488983_2.fastq.gz	820e03fb1e90947590e94f806a5e0f66	  	150	76	Cell 76
Cell 77	ERS444174	cell	Mus musculus	cell from 6-week-old mouse, day 4.5 in vitro Th2 differentiation	Il13 EGFP	male	fresh specimen	primary CD4+ spleenocyte	OK	P-MTAB-38837	P-MTAB-38838	P-MTAB-38839	Extract 77	PolyA RNA	PAIRED	TRANSCRIPTOMIC	RNA-Seq	RANDOM	5'-3'-5'-3'	1000	300	ERCC92.fa	P-MTAB-38840	Sanger	Cell 77	sequencing assay	ERX454759	cell77_1.fastq.gz	cell77_1.fastq.gz	ERR488979	ftp://ftp.sra.ebi.ac.uk/vol1/fastq/ERR488/ERR488979/ERR488979_1.fastq.gz	c3b8a41df726a1c9208d8f996d72c3c0	  	150	76	Cell 77
Cell 77	ERS444174	cell	Mus musculus	cell from 6-week-old mouse, day 4.5 in vitro Th2 differentiation	Il13 EGFP	male	fresh specimen	primary CD4+ spleenocyte	OK	P-MTAB-38837	P-MTAB-38838	P-MTAB-38839	Extract 77	PolyA RNA	PAIRED	TRANSCRIPTOMIC	RNA-Seq	RANDOM	5'-3'-5'-3'	1000	300	ERCC92.fa	P-MTAB-38840	Sanger	Cell 77	sequencing assay	ERX454759	cell77_2.fastq.gz	cell77_2.fastq.gz	ERR488979	ftp://ftp.sra.ebi.ac.uk/vol1/fastq/ERR488/ERR488979/ERR488979_2.fastq.gz	5993f1dbb8759335bb1a356710d92797	  	150	76	Cell 77
Cell 78	ERS444189	cell	Mus musculus	cell from 6-week-old mouse, day 4.5 in vitro Th2 differentiation	Il13 EGFP	male	fresh specimen	primary CD4+ spleenocyte	OK	P-MTAB-38837	P-MTAB-38838	P-MTAB-38839	Extract 78	PolyA RNA	PAIRED	TRANSCRIPTOMIC	RNA-Seq	RANDOM	5'-3'-5'-3'	1000	300	ERCC92.fa	P-MTAB-38840	Sanger	Cell 78	sequencing assay	ERX454774	cell78_1.fastq.gz	cell78_1.fastq.gz	ERR489015	ftp://ftp.sra.ebi.ac.uk/vol1/fastq/ERR489/ERR489015/ERR489015_1.fastq.gz	6f1c263344226e67fd4b7c79e2c06883	  	150	76	Cell 78
Cell 78	ERS444189	cell	Mus musculus	cell from 6-week-old mouse, day 4.5 in vitro Th2 differentiation	Il13 EGFP	male	fresh specimen	primary CD4+ spleenocyte	OK	P-MTAB-38837	P-MTAB-38838	P-MTAB-38839	Extract 78	PolyA RNA	PAIRED	TRANSCRIPTOMIC	RNA-Seq	RANDOM	5'-3'-5'-3'	1000	300	ERCC92.fa	P-MTAB-38840	Sanger	Cell 78	sequencing assay	ERX454774	cell78_2.fastq.gz	cell78_2.fastq.gz	ERR489015	ftp://ftp.sra.ebi.ac.uk/vol1/fastq/ERR489/ERR489015/ERR489015_2.fastq.gz	85c0674092d509f9db8c96d0d002400f	  	150	76	Cell 78
Cell 79	ERS444188	cell	Mus musculus	cell from 6-week-old mouse, day 4.5 in vitro Th2 differentiation	Il13 EGFP	male	fresh specimen	primary CD4+ spleenocyte	OK	P-MTAB-38837	P-MTAB-38838	P-MTAB-38839	Extract 79	PolyA RNA	PAIRED	TRANSCRIPTOMIC	RNA-Seq	RANDOM	5'-3'-5'-3'	1000	300	ERCC92.fa	P-MTAB-38840	Sanger	Cell 79	sequencing assay	ERX454773	cell79_1.fastq.gz	cell79_1.fastq.gz	ERR488952	ftp://ftp.sra.ebi.ac.uk/vol1/fastq/ERR488/ERR488952/ERR488952_1.fastq.gz	6cba5a1445edbab59bd229f9c24dd4d8	  	150	76	Cell 79
Cell 79	ERS444188	cell	Mus musculus	cell from 6-week-old mouse, day 4.5 in vitro Th2 differentiation	Il13 EGFP	male	fresh specimen	primary CD4+ spleenocyte	OK	P-MTAB-38837	P-MTAB-38838	P-MTAB-38839	Extract 79	PolyA RNA	PAIRED	TRANSCRIPTOMIC	RNA-Seq	RANDOM	5'-3'-5'-3'	1000	300	ERCC92.fa	P-MTAB-38840	Sanger	Cell 79	sequencing assay	ERX454773	cell79_2.fastq.gz	cell79_2.fastq.gz	ERR488952	ftp://ftp.sra.ebi.ac.uk/vol1/fastq/ERR488/ERR488952/ERR488952_2.fastq.gz	c8c31c25ab69213090c60fcaebeb3741	  	150	76	Cell 79
Cell 80	ERS444124	cell	Mus musculus	cell from 6-week-old mouse, day 4.5 in vitro Th2 differentiation	Il13 EGFP	male	fresh specimen	primary CD4+ spleenocyte	OK	P-MTAB-38837	P-MTAB-38838	P-MTAB-38839	Extract 80	PolyA RNA	PAIRED	TRANSCRIPTOMIC	RNA-Seq	RANDOM	5'-3'-5'-3'	1000	300	ERCC92.fa	P-MTAB-38840	Sanger	Cell 80	sequencing assay	ERX454709	cell80_1.fastq.gz	cell80_1.fastq.gz	ERR488973	ftp://ftp.sra.ebi.ac.uk/vol1/fastq/ERR488/ERR488973/ERR488973_1.fastq.gz	3d748e318bb3f88e68b4bb14020d4e92	  	150	76	Cell 80
Cell 80	ERS444124	cell	Mus musculus	cell from 6-week-old mouse, day 4.5 in vitro Th2 differentiation	Il13 EGFP	male	fresh specimen	primary CD4+ spleenocyte	OK	P-MTAB-38837	P-MTAB-38838	P-MTAB-38839	Extract 80	PolyA RNA	PAIRED	TRANSCRIPTOMIC	RNA-Seq	RANDOM	5'-3'-5'-3'	1000	300	ERCC92.fa	P-MTAB-38840	Sanger	Cell 80	sequencing assay	ERX454709	cell80_2.fastq.gz	cell80_2.fastq.gz	ERR488973	ftp://ftp.sra.ebi.ac.uk/vol1/fastq/ERR488/ERR488973/ERR488973_2.fastq.gz	8ce99a84481a75627fa4353a603f6cb1	  	150	76	Cell 80
Cell 81	ERS444213	cell	Mus musculus	cell from 6-week-old mouse, day 4.5 in vitro Th2 differentiation	Il13 EGFP	male	fresh specimen	primary CD4+ spleenocyte	OK	P-MTAB-38837	P-MTAB-38838	P-MTAB-38839	Extract 81	PolyA RNA	PAIRED	TRANSCRIPTOMIC	RNA-Seq	RANDOM	5'-3'-5'-3'	1000	300	ERCC92.fa	P-MTAB-38840	Sanger	Cell 81	sequencing assay	ERX454798	cell81_1.fastq.gz	cell81_1.fastq.gz	ERR488998	ftp://ftp.sra.ebi.ac.uk/vol1/fastq/ERR488/ERR488998/ERR488998_1.fastq.gz	0d087f8302fd218eb816bf03e1fcff13	  	150	76	Cell 81
Cell 81	ERS444213	cell	Mus musculus	cell from 6-week-old mouse, day 4.5 in vitro Th2 differentiation	Il13 EGFP	male	fresh specimen	primary CD4+ spleenocyte	OK	P-MTAB-38837	P-MTAB-38838	P-MTAB-38839	Extract 81	PolyA RNA	PAIRED	TRANSCRIPTOMIC	RNA-Seq	RANDOM	5'-3'-5'-3'	1000	300	ERCC92.fa	P-MTAB-38840	Sanger	Cell 81	sequencing assay	ERX454798	cell81_2.fastq.gz	cell81_2.fastq.gz	ERR488998	ftp://ftp.sra.ebi.ac.uk/vol1/fastq/ERR488/ERR488998/ERR488998_2.fastq.gz	e484803408b6491301f2487e1b51ba45	  	150	76	Cell 81
Cell 82	ERS444182	cell	Mus musculus	cell from 6-week-old mouse, day 4.5 in vitro Th2 differentiation	Il13 EGFP	male	fresh specimen	primary CD4+ spleenocyte	OK	P-MTAB-38837	P-MTAB-38838	P-MTAB-38839	Extract 82	PolyA RNA	PAIRED	TRANSCRIPTOMIC	RNA-Seq	RANDOM	5'-3'-5'-3'	1000	300	ERCC92.fa	P-MTAB-38840	Sanger	Cell 82	sequencing assay	ERX454767	cell82_1.fastq.gz	cell82_1.fastq.gz	ERR489045	ftp://ftp.sra.ebi.ac.uk/vol1/fastq/ERR489/ERR489045/ERR489045_1.fastq.gz	174ebb53c2581720a7abb11680334e1b	  	150	76	Cell 82
Cell 82	ERS444182	cell	Mus musculus	cell from 6-week-old mouse, day 4.5 in vitro Th2 differentiation	Il13 EGFP	male	fresh specimen	primary CD4+ spleenocyte	OK	P-MTAB-38837	P-MTAB-38838	P-MTAB-38839	Extract 82	PolyA RNA	PAIRED	TRANSCRIPTOMIC	RNA-Seq	RANDOM	5'-3'-5'-3'	1000	300	ERCC92.fa	P-MTAB-38840	Sanger	Cell 82	sequencing assay	ERX454767	cell82_2.fastq.gz	cell82_2.fastq.gz	ERR489045	ftp://ftp.sra.ebi.ac.uk/vol1/fastq/ERR489/ERR489045/ERR489045_2.fastq.gz	e55c74a220fc556615f8b48b9d56b45c	  	150	76	Cell 82
Cell 83	ERS444130	cell	Mus musculus	cell from 6-week-old mouse, day 4.5 in vitro Th2 differentiation	Il13 EGFP	male	fresh specimen	primary CD4+ spleenocyte	OK	P-MTAB-38837	P-MTAB-38838	P-MTAB-38839	Extract 83	PolyA RNA	PAIRED	TRANSCRIPTOMIC	RNA-Seq	RANDOM	5'-3'-5'-3'	1000	300	ERCC92.fa	P-MTAB-38840	Sanger	Cell 83	sequencing assay	ERX454715	cell83_1.fastq.gz	cell83_1.fastq.gz	ERR489034	ftp://ftp.sra.ebi.ac.uk/vol1/fastq/ERR489/ERR489034/ERR489034_1.fastq.gz	d906171d27f8082c0d7935540b9db998	  	150	76	Cell 83
Cell 83	ERS444130	cell	Mus musculus	cell from 6-week-old mouse, day 4.5 in vitro Th2 differentiation	Il13 EGFP	male	fresh specimen	primary CD4+ spleenocyte	OK	P-MTAB-38837	P-MTAB-38838	P-MTAB-38839	Extract 83	PolyA RNA	PAIRED	TRANSCRIPTOMIC	RNA-Seq	RANDOM	5'-3'-5'-3'	1000	300	ERCC92.fa	P-MTAB-38840	Sanger	Cell 83	sequencing assay	ERX454715	cell83_2.fastq.gz	cell83_2.fastq.gz	ERR489034	ftp://ftp.sra.ebi.ac.uk/vol1/fastq/ERR489/ERR489034/ERR489034_2.fastq.gz	2a10f32b1c95ac35f690d09cd1c773f0	  	150	76	Cell 83
Cell 84	ERS444148	cell	Mus musculus	cell from 6-week-old mouse, day 4.5 in vitro Th2 differentiation	Il13 EGFP	male	fresh specimen	primary CD4+ spleenocyte	OK	P-MTAB-38837	P-MTAB-38838	P-MTAB-38839	Extract 84	PolyA RNA	PAIRED	TRANSCRIPTOMIC	RNA-Seq	RANDOM	5'-3'-5'-3'	1000	300	ERCC92.fa	P-MTAB-38840	Sanger	Cell 84	sequencing assay	ERX454733	cell84_1.fastq.gz	cell84_1.fastq.gz	ERR488975	ftp://ftp.sra.ebi.ac.uk/vol1/fastq/ERR488/ERR488975/ERR488975_1.fastq.gz	1dd5ad52668e2d3fe76f50ef1e073972	  	150	76	Cell 84
Cell 84	ERS444148	cell	Mus musculus	cell from 6-week-old mouse, day 4.5 in vitro Th2 differentiation	Il13 EGFP	male	fresh specimen	primary CD4+ spleenocyte	OK	P-MTAB-38837	P-MTAB-38838	P-MTAB-38839	Extract 84	PolyA RNA	PAIRED	TRANSCRIPTOMIC	RNA-Seq	RANDOM	5'-3'-5'-3'	1000	300	ERCC92.fa	P-MTAB-38840	Sanger	Cell 84	sequencing assay	ERX454733	cell84_2.fastq.gz	cell84_2.fastq.gz	ERR488975	ftp://ftp.sra.ebi.ac.uk/vol1/fastq/ERR488/ERR488975/ERR488975_2.fastq.gz	fa3c95ced5c605fc55eadae16d4f8d7b	  	150	76	Cell 84
Cell 85	ERS444185	cell	Mus musculus	cell from 6-week-old mouse, day 4.5 in vitro Th2 differentiation	Il13 EGFP	male	fresh specimen	primary CD4+ spleenocyte	OK	P-MTAB-38837	P-MTAB-38838	P-MTAB-38839	Extract 85	PolyA RNA	PAIRED	TRANSCRIPTOMIC	RNA-Seq	RANDOM	5'-3'-5'-3'	1000	300	ERCC92.fa	P-MTAB-38840	Sanger	Cell 85	sequencing assay	ERX454770	cell85_1.fastq.gz	cell85_1.fastq.gz	ERR488995	ftp://ftp.sra.ebi.ac.uk/vol1/fastq/ERR488/ERR488995/ERR488995_1.fastq.gz	46811201acb6d628ebe495320d34ee1a	  	150	76	Cell 85
Cell 85	ERS444185	cell	Mus musculus	cell from 6-week-old mouse, day 4.5 in vitro Th2 differentiation	Il13 EGFP	male	fresh specimen	primary CD4+ spleenocyte	OK	P-MTAB-38837	P-MTAB-38838	P-MTAB-38839	Extract 85	PolyA RNA	PAIRED	TRANSCRIPTOMIC	RNA-Seq	RANDOM	5'-3'-5'-3'	1000	300	ERCC92.fa	P-MTAB-38840	Sanger	Cell 85	sequencing assay	ERX454770	cell85_2.fastq.gz	cell85_2.fastq.gz	ERR488995	ftp://ftp.sra.ebi.ac.uk/vol1/fastq/ERR488/ERR488995/ERR488995_2.fastq.gz	d23b3785a859c80d8823f06df80d1ae1	  	150	76	Cell 85
Cell 86	ERS444172	cell	Mus musculus	cell from 6-week-old mouse, day 4.5 in vitro Th2 differentiation	Il13 EGFP	male	fresh specimen	primary CD4+ spleenocyte	OK	P-MTAB-38837	P-MTAB-38838	P-MTAB-38839	Extract 86	PolyA RNA	PAIRED	TRANSCRIPTOMIC	RNA-Seq	RANDOM	5'-3'-5'-3'	1000	300	ERCC92.fa	P-MTAB-38840	Sanger	Cell 86	sequencing assay	ERX454757	cell86_1.fastq.gz	cell86_1.fastq.gz	ERR488967	ftp://ftp.sra.ebi.ac.uk/vol1/fastq/ERR488/ERR488967/ERR488967_1.fastq.gz	96b02ccc5e9428ed113ea8da771dd916	  	150	76	Cell 86
Cell 86	ERS444172	cell	Mus musculus	cell from 6-week-old mouse, day 4.5 in vitro Th2 differentiation	Il13 EGFP	male	fresh specimen	primary CD4+ spleenocyte	OK	P-MTAB-38837	P-MTAB-38838	P-MTAB-38839	Extract 86	PolyA RNA	PAIRED	TRANSCRIPTOMIC	RNA-Seq	RANDOM	5'-3'-5'-3'	1000	300	ERCC92.fa	P-MTAB-38840	Sanger	Cell 86	sequencing assay	ERX454757	cell86_2.fastq.gz	cell86_2.fastq.gz	ERR488967	ftp://ftp.sra.ebi.ac.uk/vol1/fastq/ERR488/ERR488967/ERR488967_2.fastq.gz	73a3ecf443e51279afd2964ad7419ab2	  	150	76	Cell 86
Cell 87	ERS444214	cell	Mus musculus	cell from 6-week-old mouse, day 4.5 in vitro Th2 differentiation	Il13 EGFP	male	fresh specimen	primary CD4+ spleenocyte	OK	P-MTAB-38837	P-MTAB-38838	P-MTAB-38839	Extract 87	PolyA RNA	PAIRED	TRANSCRIPTOMIC	RNA-Seq	RANDOM	5'-3'-5'-3'	1000	300	ERCC92.fa	P-MTAB-38840	Sanger	Cell 87	sequencing assay	ERX454799	cell87_1.fastq.gz	cell87_1.fastq.gz	ERR489039	ftp://ftp.sra.ebi.ac.uk/vol1/fastq/ERR489/ERR489039/ERR489039_1.fastq.gz	f720221776106dfad046dd9c1e562246	  	150	76	Cell 87
Cell 87	ERS444214	cell	Mus musculus	cell from 6-week-old mouse, day 4.5 in vitro Th2 differentiation	Il13 EGFP	male	fresh specimen	primary CD4+ spleenocyte	OK	P-MTAB-38837	P-MTAB-38838	P-MTAB-38839	Extract 87	PolyA RNA	PAIRED	TRANSCRIPTOMIC	RNA-Seq	RANDOM	5'-3'-5'-3'	1000	300	ERCC92.fa	P-MTAB-38840	Sanger	Cell 87	sequencing assay	ERX454799	cell87_2.fastq.gz	cell87_2.fastq.gz	ERR489039	ftp://ftp.sra.ebi.ac.uk/vol1/fastq/ERR489/ERR489039/ERR489039_2.fastq.gz	40df332d3d20abcbee543bf08ba0513a	  	150	76	Cell 87
Cell 88	ERS444209	cell	Mus musculus	cell from 6-week-old mouse, day 4.5 in vitro Th2 differentiation	Il13 EGFP	male	fresh specimen	primary CD4+ spleenocyte	OK	P-MTAB-38837	P-MTAB-38838	P-MTAB-38839	Extract 88	PolyA RNA	PAIRED	TRANSCRIPTOMIC	RNA-Seq	RANDOM	5'-3'-5'-3'	1000	300	ERCC92.fa	P-MTAB-38840	Sanger	Cell 88	sequencing assay	ERX454794	cell88_1.fastq.gz	cell88_1.fastq.gz	ERR489041	ftp://ftp.sra.ebi.ac.uk/vol1/fastq/ERR489/ERR489041/ERR489041_1.fastq.gz	289de2768f9cb7e7c528be7de7fb7658	  	150	76	Cell 88
Cell 88	ERS444209	cell	Mus musculus	cell from 6-week-old mouse, day 4.5 in vitro Th2 differentiation	Il13 EGFP	male	fresh specimen	primary CD4+ spleenocyte	OK	P-MTAB-38837	P-MTAB-38838	P-MTAB-38839	Extract 88	PolyA RNA	PAIRED	TRANSCRIPTOMIC	RNA-Seq	RANDOM	5'-3'-5'-3'	1000	300	ERCC92.fa	P-MTAB-38840	Sanger	Cell 88	sequencing assay	ERX454794	cell88_2.fastq.gz	cell88_2.fastq.gz	ERR489041	ftp://ftp.sra.ebi.ac.uk/vol1/fastq/ERR489/ERR489041/ERR489041_2.fastq.gz	ce681869d20767d2a1919a83697158bf	  	150	76	Cell 88
Cell 89	ERS444126	cell	Mus musculus	cell from 6-week-old mouse, day 4.5 in vitro Th2 differentiation	Il13 EGFP	male	fresh specimen	primary CD4+ spleenocyte	OK	P-MTAB-38837	P-MTAB-38838	P-MTAB-38839	Extract 89	PolyA RNA	PAIRED	TRANSCRIPTOMIC	RNA-Seq	RANDOM	5'-3'-5'-3'	1000	300	ERCC92.fa	P-MTAB-38840	Sanger	Cell 89	sequencing assay	ERX454711	cell89_1.fastq.gz	cell89_1.fastq.gz	ERR488993	ftp://ftp.sra.ebi.ac.uk/vol1/fastq/ERR488/ERR488993/ERR488993_1.fastq.gz	6ae7b8150f63f5f382d1ae7145fa3cc6	  	150	76	Cell 89
Cell 89	ERS444126	cell	Mus musculus	cell from 6-week-old mouse, day 4.5 in vitro Th2 differentiation	Il13 EGFP	male	fresh specimen	primary CD4+ spleenocyte	OK	P-MTAB-38837	P-MTAB-38838	P-MTAB-38839	Extract 89	PolyA RNA	PAIRED	TRANSCRIPTOMIC	RNA-Seq	RANDOM	5'-3'-5'-3'	1000	300	ERCC92.fa	P-MTAB-38840	Sanger	Cell 89	sequencing assay	ERX454711	cell89_2.fastq.gz	cell89_2.fastq.gz	ERR488993	ftp://ftp.sra.ebi.ac.uk/vol1/fastq/ERR488/ERR488993/ERR488993_2.fastq.gz	9ade4cde08b8afc9dee97b36518862eb	  	150	76	Cell 89
Cell 90	ERS444155	cell	Mus musculus	cell from 6-week-old mouse, day 4.5 in vitro Th2 differentiation	Il13 EGFP	male	fresh specimen	primary CD4+ spleenocyte	OK	P-MTAB-38837	P-MTAB-38838	P-MTAB-38839	Extract 90	PolyA RNA	PAIRED	TRANSCRIPTOMIC	RNA-Seq	RANDOM	5'-3'-5'-3'	1000	300	ERCC92.fa	P-MTAB-38840	Sanger	Cell 90	sequencing assay	ERX454740	cell90_1.fastq.gz	cell90_1.fastq.gz	ERR488963	ftp://ftp.sra.ebi.ac.uk/vol1/fastq/ERR488/ERR488963/ERR488963_1.fastq.gz	c7c09589c3d5013fd6007d8ea3cfe6c0	  	150	76	Cell 90
Cell 90	ERS444155	cell	Mus musculus	cell from 6-week-old mouse, day 4.5 in vitro Th2 differentiation	Il13 EGFP	male	fresh specimen	primary CD4+ spleenocyte	OK	P-MTAB-38837	P-MTAB-38838	P-MTAB-38839	Extract 90	PolyA RNA	PAIRED	TRANSCRIPTOMIC	RNA-Seq	RANDOM	5'-3'-5'-3'	1000	300	ERCC92.fa	P-MTAB-38840	Sanger	Cell 90	sequencing assay	ERX454740	cell90_2.fastq.gz	cell90_2.fastq.gz	ERR488963	ftp://ftp.sra.ebi.ac.uk/vol1/fastq/ERR488/ERR488963/ERR488963_2.fastq.gz	99fe7f44a9ee1609b66d6af83a3070bf	  	150	76	Cell 90
Cell 91	ERS444200	cell	Mus musculus	cell from 6-week-old mouse, day 4.5 in vitro Th2 differentiation	Il13 EGFP	male	fresh specimen	primary CD4+ spleenocyte	OK	P-MTAB-38837	P-MTAB-38838	P-MTAB-38839	Extract 91	PolyA RNA	PAIRED	TRANSCRIPTOMIC	RNA-Seq	RANDOM	5'-3'-5'-3'	1000	300	ERCC92.fa	P-MTAB-38840	Sanger	Cell 91	sequencing assay	ERX454785	cell91_1.fastq.gz	cell91_1.fastq.gz	ERR489024	ftp://ftp.sra.ebi.ac.uk/vol1/fastq/ERR489/ERR489024/ERR489024_1.fastq.gz	da6183a8fd34ef51ce9d69b78cc7818f	  	150	76	Cell 91
Cell 91	ERS444200	cell	Mus musculus	cell from 6-week-old mouse, day 4.5 in vitro Th2 differentiation	Il13 EGFP	male	fresh specimen	primary CD4+ spleenocyte	OK	P-MTAB-38837	P-MTAB-38838	P-MTAB-38839	Extract 91	PolyA RNA	PAIRED	TRANSCRIPTOMIC	RNA-Seq	RANDOM	5'-3'-5'-3'	1000	300	ERCC92.fa	P-MTAB-38840	Sanger	Cell 91	sequencing assay	ERX454785	cell91_2.fastq.gz	cell91_2.fastq.gz	ERR489024	ftp://ftp.sra.ebi.ac.uk/vol1/fastq/ERR489/ERR489024/ERR489024_2.fastq.gz	69e19087e4b75724348df9972e0cd8b9	  	150	76	Cell 91
Cell 92	ERS444201	cell	Mus musculus	cell from 6-week-old mouse, day 4.5 in vitro Th2 differentiation	Il13 EGFP	male	fresh specimen	primary CD4+ spleenocyte	multiple cells	P-MTAB-38837	P-MTAB-38838	P-MTAB-38839	Extract 92	PolyA RNA	PAIRED	TRANSCRIPTOMIC	RNA-Seq	RANDOM	5'-3'-5'-3'	1000	300	ERCC92.fa	P-MTAB-38840	Sanger	Cell 92	sequencing assay	ERX454786	cell92_1.fastq.gz	cell92_1.fastq.gz	ERR489006	ftp://ftp.sra.ebi.ac.uk/vol1/fastq/ERR489/ERR489006/ERR489006_1.fastq.gz	c369c3ae0fcd3e856cf44d86d64c0870	  	150	76	Cell 92
Cell 92	ERS444201	cell	Mus musculus	cell from 6-week-old mouse, day 4.5 in vitro Th2 differentiation	Il13 EGFP	male	fresh specimen	primary CD4+ spleenocyte	multiple cells	P-MTAB-38837	P-MTAB-38838	P-MTAB-38839	Extract 92	PolyA RNA	PAIRED	TRANSCRIPTOMIC	RNA-Seq	RANDOM	5'-3'-5'-3'	1000	300	ERCC92.fa	P-MTAB-38840	Sanger	Cell 92	sequencing assay	ERX454786	cell92_2.fastq.gz	cell92_2.fastq.gz	ERR489006	ftp://ftp.sra.ebi.ac.uk/vol1/fastq/ERR489/ERR489006/ERR489006_2.fastq.gz	abf1c9c87c7842c3e11a397c6de581e3	  	150	76	Cell 92
Cell 93	ERS444199	cell	Mus musculus	cell from 6-week-old mouse, day 4.5 in vitro Th2 differentiation	Il13 EGFP	male	fresh specimen	primary CD4+ spleenocyte	multiple cells	P-MTAB-38837	P-MTAB-38838	P-MTAB-38839	Extract 93	PolyA RNA	PAIRED	TRANSCRIPTOMIC	RNA-Seq	RANDOM	5'-3'-5'-3'	1000	300	ERCC92.fa	P-MTAB-38840	Sanger	Cell 93	sequencing assay	ERX454784	cell93_1.fastq.gz	cell93_1.fastq.gz	ERR489010	ftp://ftp.sra.ebi.ac.uk/vol1/fastq/ERR489/ERR489010/ERR489010_1.fastq.gz	a5398a80dc88ba3f2fd2f12a8af38744	  	150	76	Cell 93
Cell 93	ERS444199	cell	Mus musculus	cell from 6-week-old mouse, day 4.5 in vitro Th2 differentiation	Il13 EGFP	male	fresh specimen	primary CD4+ spleenocyte	multiple cells	P-MTAB-38837	P-MTAB-38838	P-MTAB-38839	Extract 93	PolyA RNA	PAIRED	TRANSCRIPTOMIC	RNA-Seq	RANDOM	5'-3'-5'-3'	1000	300	ERCC92.fa	P-MTAB-38840	Sanger	Cell 93	sequencing assay	ERX454784	cell93_2.fastq.gz	cell93_2.fastq.gz	ERR489010	ftp://ftp.sra.ebi.ac.uk/vol1/fastq/ERR489/ERR489010/ERR489010_2.fastq.gz	38b731da899860276d5f529f97aff92f	  	150	76	Cell 93
Cell 94	ERS444204	cell	Mus musculus	cell from 6-week-old mouse, day 4.5 in vitro Th2 differentiation	Il13 EGFP	male	fresh specimen	primary CD4+ spleenocyte	OK	P-MTAB-38837	P-MTAB-38838	P-MTAB-38839	Extract 94	PolyA RNA	PAIRED	TRANSCRIPTOMIC	RNA-Seq	RANDOM	5'-3'-5'-3'	1000	300	ERCC92.fa	P-MTAB-38840	Sanger	Cell 94	sequencing assay	ERX454789	cell94_1.fastq.gz	cell94_1.fastq.gz	ERR488971	ftp://ftp.sra.ebi.ac.uk/vol1/fastq/ERR488/ERR488971/ERR488971_1.fastq.gz	fe59804fe23ea23bdca946d19467bc78	  	150	76	Cell 94
Cell 94	ERS444204	cell	Mus musculus	cell from 6-week-old mouse, day 4.5 in vitro Th2 differentiation	Il13 EGFP	male	fresh specimen	primary CD4+ spleenocyte	OK	P-MTAB-38837	P-MTAB-38838	P-MTAB-38839	Extract 94	PolyA RNA	PAIRED	TRANSCRIPTOMIC	RNA-Seq	RANDOM	5'-3'-5'-3'	1000	300	ERCC92.fa	P-MTAB-38840	Sanger	Cell 94	sequencing assay	ERX454789	cell94_2.fastq.gz	cell94_2.fastq.gz	ERR488971	ftp://ftp.sra.ebi.ac.uk/vol1/fastq/ERR488/ERR488971/ERR488971_2.fastq.gz	5995e8238837226e8d2a689e5e18736f	  	150	76	Cell 94
Cell 95	ERS444157	cell	Mus musculus	cell from 6-week-old mouse, day 4.5 in vitro Th2 differentiation	Il13 EGFP	male	fresh specimen	primary CD4+ spleenocyte	OK	P-MTAB-38837	P-MTAB-38838	P-MTAB-38839	Extract 95	PolyA RNA	PAIRED	TRANSCRIPTOMIC	RNA-Seq	RANDOM	5'-3'-5'-3'	1000	300	ERCC92.fa	P-MTAB-38840	Sanger	Cell 95	sequencing assay	ERX454742	cell95_1.fastq.gz	cell95_1.fastq.gz	ERR489012	ftp://ftp.sra.ebi.ac.uk/vol1/fastq/ERR489/ERR489012/ERR489012_1.fastq.gz	28a001b06dbc2c0b049c6c656395c648	  	150	76	Cell 95
Cell 95	ERS444157	cell	Mus musculus	cell from 6-week-old mouse, day 4.5 in vitro Th2 differentiation	Il13 EGFP	male	fresh specimen	primary CD4+ spleenocyte	OK	P-MTAB-38837	P-MTAB-38838	P-MTAB-38839	Extract 95	PolyA RNA	PAIRED	TRANSCRIPTOMIC	RNA-Seq	RANDOM	5'-3'-5'-3'	1000	300	ERCC92.fa	P-MTAB-38840	Sanger	Cell 95	sequencing assay	ERX454742	cell95_2.fastq.gz	cell95_2.fastq.gz	ERR489012	ftp://ftp.sra.ebi.ac.uk/vol1/fastq/ERR489/ERR489012/ERR489012_2.fastq.gz	b6d9fb74266484b73339fb3cd32a0971	  	150	76	Cell 95
Cell 96	ERS444178	cell	Mus musculus	cell from 6-week-old mouse, day 4.5 in vitro Th2 differentiation	Il13 EGFP	male	fresh specimen	primary CD4+ spleenocyte	OK	P-MTAB-38837	P-MTAB-38838	P-MTAB-38839	Extract 96	PolyA RNA	PAIRED	TRANSCRIPTOMIC	RNA-Seq	RANDOM	5'-3'-5'-3'	1000	300	ERCC92.fa	P-MTAB-38840	Sanger	Cell 96	sequencing assay	ERX454763	cell96_1.fastq.gz	cell96_1.fastq.gz	ERR488968	ftp://ftp.sra.ebi.ac.uk/vol1/fastq/ERR488/ERR488968/ERR488968_1.fastq.gz	0589a951a32b3fb4f96829ebeb63760e	  	150	76	Cell 96
Cell 96	ERS444178	cell	Mus musculus	cell from 6-week-old mouse, day 4.5 in vitro Th2 differentiation	Il13 EGFP	male	fresh specimen	primary CD4+ spleenocyte	OK	P-MTAB-38837	P-MTAB-38838	P-MTAB-38839	Extract 96	PolyA RNA	PAIRED	TRANSCRIPTOMIC	RNA-Seq	RANDOM	5'-3'-5'-3'	1000	300	ERCC92.fa	P-MTAB-38840	Sanger	Cell 96	sequencing assay	ERX454763	cell96_2.fastq.gz	cell96_2.fastq.gz	ERR488968	ftp://ftp.sra.ebi.ac.uk/vol1/fastq/ERR488/ERR488968/ERR488968_2.fastq.gz	d6b110a0e2979f460bf2250ef9494449	  	150	76	Cell 96
